title,console,publisher,developer,critic_score,user_score,total_sale,na_sale,pal_sale,japan_sale,other_sale,release_date
Pokémon Stadium    ,N64,Nintendo  ,HAL Laboratory  ,7.5  ,N/A  ,5.45m,3.18m,1.24m,0.94m,0.09m,06th Mar 00  
Warzone 2100    ,PS,Eidos Interactive  ,Pumpkin Studios  ,N/A  ,N/A  ,5.01m,2.79m,1.89m,N/A,0.33m,31st May 99  
StarCraft II: Wings of Liberty    ,PC,Blizzard Entertainment  ,Blizzard Entertainment  ,9.3  ,N/A  ,4.86m,2.60m,1.70m,N/A,0.56m,27th Jul 10  
Warcraft II: Tides of Darkness    ,PC,Blizzard Entertainment  ,Blizzard Entertainment  ,9.3  ,N/A  ,4.21m,1.70m,2.27m,N/A,0.23m,30th Apr 96  
Pokémon Trading Card Game    ,GB,Nintendo  ,Hudson Soft  ,8.3  ,N/A  ,3.70m,1.49m,0.73m,1.38m,0.10m,10th Apr 00  
Command & Conquer: Red Alert    ,PC,Virgin Interactive  ,Westwood Studios  ,9.3  ,N/A  ,2.85m,1.37m,1.34m,N/A,0.14m,01st Nov 96  
Pokémon Stadium 2    ,N64,Nintendo  ,HAL Laboratory  ,7.9  ,N/A  ,2.73m,1.02m,0.36m,1.13m,0.23m,28th Mar 01  
Halo Wars    ,X360,Microsoft Game Studios  ,Ensemble Studios  ,8.1  ,8.5  ,2.67m,1.58m,0.80m,0.04m,0.25m,03rd Mar 09  
Mario + Rabbids: Kingdom Battle    ,NS,Ubisoft  ,Ubisoft Milan  ,8.3  ,N/A  ,2.59m,1.10m,1.08m,0.22m,0.20m,29th Aug 17  
Theme Hospital    ,PC,Electronic Arts  ,Bullfrog Productions  ,5.5  ,N/A  ,2.40m,2.30m,0.10m,N/A,N/A,31st Mar 97  
Sim Theme Park    ,PC,Electronic Arts  ,Bullfrog Productions  ,8.1  ,N/A  ,2.08m,2.04m,0.04m,N/A,N/A,31st Oct 99  
Warcraft: Orcs & Humans    ,PC,Blizzard Entertainment  ,Blizzard Entertainment  ,N/A  ,N/A  ,2.08m,0.89m,1.08m,N/A,0.11m,15th Jan 94  
Yu-Gi-Oh! The Eternal Duelist Soul    ,GBA,Konami  ,Konami Computer Entertainment Japan  ,N/A  ,N/A  ,2.07m,1.64m,0.36m,N/A,0.07m,15th Oct 02  
Sid Meier's Civilization V    ,PC,2K Games  ,Firaxis Games  ,8.9  ,N/A  ,1.70m,1.00m,0.53m,N/A,0.17m,21st Sep 10  
StarCraft II: Heart of the Swarm    ,PC,Blizzard Entertainment  ,Blizzard Entertainment  ,8.9  ,N/A  ,1.67m,0.85m,0.68m,N/A,0.14m,12th Mar 13  
Pikmin    ,GC,Nintendo  ,Nintendo EAD  ,8.1  ,N/A  ,1.63m,0.78m,0.25m,0.56m,0.04m,03rd Dec 01  
Yu-Gi-Oh! Duel Monsters    ,GB,Konami  ,Konami Computer Entertainment Shinjuku  ,N/A  ,N/A  ,1.61m,N/A,N/A,1.61m,0.01m,16th Dec 98  
Command & Conquer: Tiberian Sun    ,PC,Westwood Studios  ,Westwood Studios  ,N/A  ,N/A  ,1.55m,1.55m,0.00m,N/A,N/A,24th Aug 99  
Warcraft III: The Frozen Throne    ,PC,Blizzard Entertainment  ,Blizzard Entertainment  ,9.2  ,N/A  ,1.54m,0.58m,0.87m,N/A,0.09m,01st Jul 03  
LEGO Battles: Ninjago    ,DS,Warner Bros. Interactive  ,Hellbent Games  ,5.0  ,N/A  ,1.48m,1.03m,0.33m,N/A,0.12m,12th Apr 11  
Anno 2070    ,PC,Ubisoft  ,Blue Byte Studio  ,8.7  ,N/A  ,1.40m,N/A,1.14m,N/A,0.26m,17th Nov 11  
Pocket Monsters Stadium    ,N64,Nintendo  ,HAL Laboratory  ,N/A  ,N/A  ,1.37m,N/A,N/A,1.37m,N/A,01st Aug 98  
Command & Conquer: Red Alert 2    ,PC,Electronic Arts  ,Westwood Studios  ,8.9  ,N/A  ,1.34m,1.32m,0.02m,N/A,N/A,21st Oct 00  
LEGO Battles    ,DS,Warner Bros. Interactive  ,Hellbent Games  ,N/A  ,N/A  ,1.29m,0.79m,0.38m,N/A,0.12m,10th Jun 09  
RollerCoaster Tycoon 2    ,PC,Atari  ,Chris Sawyer  ,7.3  ,N/A  ,1.25m,1.19m,0.06m,N/A,N/A,15th Oct 02  
Pikmin 3    ,WiiU,Nintendo  ,Nintendo EAD  ,8.7  ,N/A  ,1.23m,0.47m,0.38m,0.29m,0.08m,04th Aug 13  
Pikmin 2    ,GC,Nintendo  ,Nintendo EAD  ,9.1  ,N/A  ,1.20m,0.48m,0.13m,0.56m,0.03m,30th Aug 04  
Spore    ,PC,Electronic Arts  ,Maxis  ,7.0  ,7.0  ,1.16m,0.03m,1.06m,N/A,0.07m,07th Sep 08  
Plants vs. Zombies    ,DS,PopCap Games  ,PopCap Games  ,8.1  ,N/A  ,1.11m,0.90m,0.13m,N/A,0.09m,18th Jan 11  
Yu-Gi-Oh! Duel Monsters II: Dark Duel Stories    ,GB,Konami  ,Konami  ,N/A  ,N/A  ,1.10m,N/A,N/A,1.10m,0.00m,08th Jul 99  
Empire: Total War    ,PC,Sega  ,The Creative Assembly  ,8.9  ,N/A  ,1.07m,0.01m,0.98m,N/A,0.09m,03rd Mar 09  
Worms Armageddon    ,PS,Microprose  ,Team17 Software  ,N/A  ,N/A  ,1.06m,0.18m,0.81m,N/A,0.08m,30th Nov 99  
Zoo Tycoon DS    ,DS,THQ  ,Blue Fang Games  ,4.6  ,N/A  ,0.98m,0.86m,0.03m,0.01m,0.07m,11th Oct 05  
Fire Emblem    ,GBA,Nintendo  ,Intelligent Systems  ,8.8  ,N/A  ,0.97m,0.49m,0.18m,0.29m,0.01m,03rd Nov 03  
Kessen    ,PS2,Electronic Arts  ,Koei  ,N/A  ,N/A  ,0.95m,0.27m,0.21m,0.41m,0.07m,13th Nov 00  
Tom Clancy's EndWar    ,X360,Ubisoft  ,Ubisoft Shanghai  ,8.0  ,N/A  ,0.91m,0.58m,0.24m,0.01m,0.09m,04th Nov 08  
Fire Emblem: The Sacred Stones    ,GBA,Nintendo  ,Intelligent Systems  ,8.4  ,N/A  ,0.89m,0.42m,0.16m,0.30m,0.02m,23rd May 05  
Pokémon Card GB2: GRdan Sanjou    ,GB,Nintendo  ,Hudson Soft  ,N/A  ,N/A  ,0.89m,N/A,N/A,0.89m,N/A,28th Mar 01  
Metal Gear Ac!d    ,PSP,Konami  ,Konami  ,7.4  ,N/A  ,0.87m,0.32m,0.26m,0.12m,0.17m,22nd Mar 05  
Sid Meier's Civilization Revolution    ,X360,2K Games  ,Firaxis Games  ,8.4  ,N/A  ,0.83m,0.58m,0.17m,0.00m,0.07m,08th Jul 08  
Battle of Giants: Dinosaurs    ,DS,Ubisoft  ,Ubisoft Quebec  ,N/A  ,N/A  ,0.81m,0.37m,0.35m,N/A,0.08m,21st Oct 08  
Super Robot Taisen α    ,PS,Banpresto  ,Banpresto  ,N/A  ,N/A  ,0.80m,N/A,N/A,0.75m,0.05m,25th May 00  
Invizimals    ,PSP,Sony Computer Entertainment  ,Novarama  ,6.6  ,N/A  ,0.79m,0.17m,0.51m,N/A,0.11m,12th Oct 10  
Sid Meier's Civilization Revolution    ,PS3,2K Games  ,Firaxis Games  ,8.4  ,N/A  ,0.78m,0.49m,0.19m,0.01m,0.09m,08th Jul 08  
Battle Stations    ,PS,Electronic Arts  ,Realtime Associates  ,N/A  ,N/A  ,0.78m,0.43m,0.29m,N/A,0.05m,31st Mar 97  
Worms: Open Warfare    ,PSP,THQ  ,Team17 Software  ,6.9  ,N/A  ,0.77m,0.11m,0.43m,N/A,0.23m,22nd Mar 06  
Full Spectrum Warrior    ,XB,THQ  ,Pandemic Studios  ,N/A  ,N/A  ,0.73m,0.54m,0.16m,N/A,0.03m,01st Jun 04  
XCOM: Enemy Unknown    ,PC,2K Games  ,Firaxis Games  ,9.0  ,N/A  ,0.72m,0.28m,0.37m,N/A,0.07m,09th Oct 12  
SD Gundam G Generation    ,PS,Bandai  ,Bandai  ,N/A  ,N/A  ,0.72m,N/A,N/A,0.67m,0.05m,06th Aug 98  
Yu-Gi-Oh! The Falsebound Kingdom    ,GC,Konami  ,Konami  ,4.4  ,N/A  ,0.71m,0.49m,0.13m,0.07m,0.02m,04th Nov 03  
Command & Conquer: Red Alert Retaliation    ,PS,Virgin Interactive  ,Westwood Studios  ,N/A  ,N/A  ,0.70m,0.39m,0.27m,N/A,0.05m,28th Aug 98  
Advance Wars    ,GBA,Nintendo  ,Intelligent Systems  ,9.4  ,N/A  ,0.70m,0.50m,0.19m,N/A,0.01m,09th Sep 01  
Fire Emblem: Monshou no Nazo    ,SNES,Nintendo  ,Intelligent Systems  ,N/A  ,N/A  ,0.70m,N/A,N/A,0.70m,N/A,21st Jan 94  
Total War: Rome II    ,PC,Sega  ,The Creative Assembly  ,8.0  ,N/A  ,0.69m,0.12m,0.52m,N/A,0.05m,03rd Sep 13  
Tom Clancy's EndWar    ,PS3,Ubisoft  ,Ubisoft Shanghai  ,N/A  ,N/A  ,0.67m,0.33m,0.22m,0.01m,0.11m,04th Nov 08  
Napoleon: Total War    ,PC,Sega  ,The Creative Assembly  ,8.5  ,N/A  ,0.67m,0.02m,0.54m,N/A,0.11m,23rd Feb 10  
Command & Conquer: Red Alert 3    ,PC,Electronic Arts  ,EA Los Angeles  ,8.2  ,N/A  ,0.66m,0.01m,0.64m,N/A,0.02m,28th Oct 08  
Thrillville    ,PS2,LucasArts  ,Frontier Developments  ,N/A  ,N/A  ,0.66m,0.55m,0.02m,N/A,0.09m,21st Nov 06  
Advance Wars 2: Black Hole Rising    ,GBA,Nintendo  ,Intelligent Systems  ,8.8  ,N/A  ,0.65m,0.47m,0.17m,N/A,0.01m,24th Jun 03  
Super Robot Taisen Impact    ,PS2,Banpresto  ,Banpresto  ,N/A  ,N/A  ,0.65m,N/A,N/A,0.65m,N/A,28th Mar 02  
New Play Control! Pikmin    ,Wii,Nintendo  ,Nintendo EAD  ,7.7  ,9.3  ,0.64m,0.28m,0.13m,0.19m,0.04m,09th Mar 09  
Sim Theme Park    ,PS,Electronic Arts  ,Climax Group  ,8.5  ,N/A  ,0.63m,0.35m,0.24m,N/A,0.04m,24th Oct 99  
Nobunaga no Yabou: Haouden    ,SNES,KOEI  ,Koei  ,N/A  ,N/A  ,0.62m,0.30m,N/A,0.32m,N/A,09th Dec 93  
Battle of Giants: Dragons    ,DS,Ubisoft  ,Ubisoft Quebec  ,N/A  ,N/A  ,0.62m,0.30m,0.25m,N/A,0.06m,29th Sep 09  
Super Robot Taisen α Gaiden    ,PS,Banpresto  ,Banpresto  ,N/A  ,N/A  ,0.62m,N/A,N/A,0.58m,0.04m,29th Mar 01  
Fire Emblem: Shadow Dragon    ,DS,Nintendo  ,Intelligent Systems  ,8.2  ,N/A  ,0.61m,0.29m,0.03m,0.27m,0.03m,16th Feb 09  
Advance Wars: Days of Ruin    ,DS,Nintendo  ,Intelligent Systems  ,8.4  ,N/A  ,0.61m,0.43m,0.13m,N/A,0.05m,21st Jan 08  
New Play Control! Pikmin 2    ,Wii,Nintendo  ,Nintendo EAD  ,8.7  ,N/A  ,0.61m,0.11m,0.13m,0.34m,0.02m,10th Jun 12  
Shogun 2: Total War    ,PC,Sega  ,The Creative Assembly  ,9.0  ,N/A  ,0.60m,0.19m,0.32m,N/A,0.08m,15th Mar 11  
Front Mission    ,SNES,Square  ,G-Craft  ,N/A  ,N/A  ,0.60m,N/A,N/A,0.60m,N/A,24th Feb 95  
Dai-2-Ji Super Robot Taisen α    ,PS2,Banpresto  ,Banpresto  ,N/A  ,N/A  ,0.60m,N/A,N/A,0.60m,N/A,27th Mar 03  
Dai-3-Ji Super Robot Taisen α: Shuuen no Ginga e    ,PS2,Banpresto  ,Banpresto  ,N/A  ,N/A  ,0.59m,N/A,N/A,0.59m,N/A,28th Jul 05  
XCOM: Enemy Unknown    ,PS3,2K Games  ,Firaxis Games  ,9.1  ,N/A  ,0.59m,0.25m,0.24m,N/A,0.10m,09th Oct 12  
Fire Emblem: Seisen no Keifu    ,SNES,Nintendo  ,Intelligent Systems  ,N/A  ,N/A  ,0.58m,N/A,N/A,0.58m,N/A,14th May 96  
Theme Park    ,PS,Electronic Arts  ,Bullfrog Productions  ,N/A  ,N/A  ,0.57m,0.24m,0.16m,0.13m,0.04m,01st Jan 95  
StarCraft II: Legacy of the Void    ,PC,Blizzard Entertainment  ,Blizzard Entertainment  ,8.8  ,N/A  ,0.57m,0.23m,0.30m,N/A,0.05m,10th Nov 15  
Mobile Suit Gundam: Giren no Yabou- Zeon no Keifu    ,PS,Bandai  ,Bandai  ,N/A  ,N/A  ,0.57m,N/A,N/A,0.54m,0.04m,10th Feb 00  
SD Gundam G Generation Neo    ,PS2,Bandai  ,Bandai  ,N/A  ,N/A  ,0.57m,N/A,N/A,0.57m,N/A,28th Nov 02  
Yu-Gi-Oh! Reshef of Destruction    ,GBA,Konami  ,Konami  ,N/A  ,N/A  ,0.56m,0.40m,0.15m,N/A,0.01m,29th Jun 04  
Shin Super Robot Taisen    ,PS,Banpresto  ,Winky Soft  ,N/A  ,N/A  ,0.55m,N/A,N/A,0.52m,0.04m,27th Dec 96  
SD Gundam G Generation Zero    ,PS,Bandai  ,Bandai  ,N/A  ,N/A  ,0.55m,N/A,N/A,0.51m,0.04m,12th Aug 99  
Super Robot Taisen F Kanketsuhen    ,SAT,Banpresto  ,Banpresto  ,N/A  ,N/A  ,0.55m,N/A,N/A,0.55m,0.00m,23rd Apr 98  
Front Mission 4    ,PS2,Square Enix  ,Square Enix  ,N/A  ,N/A  ,0.54m,0.14m,0.11m,0.25m,0.04m,15th Jun 04  
Romance of the Three Kingdoms IV: Wall of Fire    ,SNES,KOEI  ,Koei / Inis  ,N/A  ,N/A  ,0.53m,N/A,N/A,0.53m,N/A,13th Jan 95  
Front Mission 2    ,PS,Square  ,SquareSoft  ,N/A  ,N/A  ,0.53m,N/A,N/A,0.49m,0.03m,25th Sep 97  
Front Mission 3    ,PS,Square  ,SquareSoft  ,N/A  ,N/A  ,0.52m,0.10m,0.07m,0.31m,0.03m,29th Feb 00  
Halo Wars 2    ,XOne,Microsoft Studios  ,Creative Assembly  ,N/A  ,N/A  ,0.51m,0.31m,0.15m,N/A,0.05m,21st Feb 17  
Dai-4-Ji Super Robot Taisen S    ,PS,Banpresto  ,Winky Soft  ,N/A  ,N/A  ,0.51m,N/A,N/A,0.48m,0.03m,26th Jan 96  
R.U.S.E.    ,PS3,Ubisoft  ,Eugen Systems  ,8.0  ,N/A  ,0.50m,0.18m,0.22m,0.02m,0.08m,07th Sep 10  
Super Robot Taisen MX    ,PS2,Banpresto  ,TOSE  ,N/A  ,N/A  ,0.50m,N/A,N/A,0.50m,N/A,27th May 04  
Super Robot Taisen Z    ,PS2,Namco Bandai  ,Banpresto  ,N/A  ,N/A  ,0.50m,N/A,N/A,0.50m,N/A,25th Sep 08  
Fire Emblem: Radiant Dawn    ,Wii,Nintendo  ,Intelligent Systems  ,7.7  ,8.5  ,0.49m,0.27m,0.03m,0.17m,0.03m,05th Nov 07  
Theme Park Roller Coaster    ,PS2,Electronic Arts  ,Bullfrog Productions  ,7.9  ,N/A  ,0.48m,0.23m,0.18m,N/A,0.06m,04th Dec 00  
"Warhammer 40,000: Dawn of War II    ",PC,THQ  ,Relic  ,8.7  ,N/A  ,0.47m,N/A,0.45m,N/A,0.01m,19th Feb 09  
Kessen II    ,PS2,KOEI  ,Koei  ,N/A  ,N/A  ,0.46m,0.13m,0.10m,0.20m,0.03m,26th Sep 01  
Command & Conquer: Red Alert 3    ,X360,Bethesda Softworks  ,EA Los Angeles  ,7.4  ,N/A  ,0.45m,0.18m,0.23m,N/A,0.05m,11th Nov 08  
Worms: Open Warfare 2    ,PSP,THQ  ,Team17 Software / Two Tribes  ,8.1  ,N/A  ,0.45m,0.04m,0.27m,N/A,0.14m,04th Sep 07  
Sid Meier's Civilization Revolution    ,DS,2K Games  ,Firaxis  ,8.2  ,7.6  ,0.45m,0.37m,0.03m,0.02m,0.03m,08th Jul 08  
Super Robot Taisen OG: Original Generations    ,PS2,Banpresto  ,Banpresto  ,N/A  ,N/A  ,0.44m,N/A,N/A,0.44m,N/A,28th Jun 07  
Yu-Gi-Oh! 5D's Tag Force 4    ,PSP,Konami  ,Konami  ,7.0  ,N/A  ,0.44m,0.19m,0.07m,0.12m,0.05m,17th Nov 09  
Sid Meier's Civilization VI    ,PC,2K Games  ,Firaxis Games  ,N/A  ,N/A  ,0.44m,0.12m,0.29m,N/A,0.03m,21st Oct 16  
Thrillville: Off the Rails    ,Wii,LucasArts  ,Frontier Developments  ,N/A  ,N/A  ,0.44m,0.38m,0.02m,N/A,0.03m,09th Oct 07  
Dai-2-Ji Super Robot Taisen Z: Hakai-hen    ,PSP,Banpresto  ,Banpresto  ,N/A  ,N/A  ,0.42m,N/A,N/A,0.42m,N/A,14th Apr 11  
Command & Conquer 3: Tiberium Wars    ,X360,Electronic Arts  ,EA Los Angeles  ,7.6  ,N/A  ,0.42m,0.35m,0.04m,N/A,0.03m,08th May 07  
Thrillville: Off the Rails    ,PS2,LucasArts  ,Frontier Developments  ,N/A  ,N/A  ,0.42m,0.20m,0.16m,N/A,0.05m,09th Oct 07  
Yu-Gi-Oh! GX: Tag Force 2    ,PSP,Konami  ,Konami  ,N/A  ,N/A  ,0.42m,0.03m,0.19m,0.10m,0.10m,18th Sep 07  
Command & Conquer: Red Alert    ,PS,Westwood Studios  ,Westwood Studios  ,7.8  ,N/A  ,0.41m,0.23m,0.16m,N/A,0.03m,31st Oct 97  
Pet in TV    ,PS,Sony Computer Entertainment  ,SCE  ,N/A  ,N/A  ,0.40m,N/A,N/A,0.38m,0.03m,01st Aug 98  
Battalion Wars    ,GC,Nintendo  ,Kuju Entertainment  ,N/A  ,N/A  ,0.40m,0.25m,0.07m,0.07m,0.01m,19th Sep 05  
Command & Conquer    ,PS,Westwood Studios  ,Westwood Studios  ,8.4  ,N/A  ,0.40m,0.22m,0.15m,N/A,0.03m,28th Feb 97  
SD Gundam G Generation Seed    ,PS2,Bandai  ,Bandai  ,N/A  ,N/A  ,0.40m,N/A,N/A,0.40m,N/A,19th Feb 04  
Combat of Giants: Dinosaurs 3D    ,3DS,Ubisoft  ,Ubisoft  ,4.3  ,N/A  ,0.39m,0.25m,0.07m,0.05m,0.03m,22nd Mar 11  
Advance Wars: Dual Strike    ,DS,Nintendo  ,Intelligent Systems  ,9.0  ,N/A  ,0.39m,0.30m,0.03m,0.04m,0.03m,22nd Aug 05  
SD Gundam G Generation Spirits    ,PS2,Namco Bandai  ,Tom Create  ,N/A  ,N/A  ,0.38m,N/A,N/A,0.38m,N/A,29th Nov 07  
Mobile Suit Gundam: Giren no Yabou Zeon Dokuritsu Sensouden    ,PS2,Bandai  ,Bandai  ,N/A  ,N/A  ,0.38m,N/A,N/A,0.38m,N/A,02nd May 02  
SD Gundam G Generation-F    ,PS,Bandai  ,Bandai  ,N/A  ,N/A  ,0.38m,N/A,N/A,0.36m,0.02m,03rd Aug 00  
Risk: Global Domination    ,PS2,Atari  ,Cyberlore Studios  ,N/A  ,N/A  ,0.38m,0.19m,0.15m,N/A,0.05m,05th Nov 03  
Dai-4-Ji Super Robot Taisen    ,SNES,Banpresto  ,Banpresto  ,N/A  ,N/A  ,0.38m,N/A,N/A,0.38m,N/A,17th Mar 95  
Age of Empires III    ,PC,Microsoft Game Studios  ,Ensemble Studios  ,8.3  ,N/A  ,0.37m,N/A,0.33m,N/A,0.04m,18th Oct 05  
Super Robot Taisen EX    ,SNES,Banpresto  ,WinkySoft  ,N/A  ,N/A  ,0.37m,N/A,N/A,0.37m,N/A,25th Mar 94  
Mini-Yonku GB: Let's & Go!!    ,GB,ASCII Entertainment  ,Jupiter Multimedia  ,N/A  ,N/A  ,0.37m,N/A,N/A,0.37m,0.00m,23rd May 97  
Medieval II: Total War Gold Edition    ,PC,Sega  ,The Creative Assembly  ,N/A  ,N/A  ,0.36m,N/A,0.34m,N/A,0.03m,05th Feb 08  
Dai-2-Ji Super Robot Taisen Z Saisei-hen    ,PSP,Namco Bandai Games  ,Banpresto  ,N/A  ,N/A  ,0.36m,N/A,N/A,0.36m,N/A,05th Apr 12  
Super Robot Taisen A    ,GBA,Banpresto  ,Banpresto  ,N/A  ,N/A  ,0.36m,N/A,N/A,0.35m,0.01m,21st Sep 01  
Worms: Open Warfare 2    ,DS,THQ  ,Team17 Software / Two Tribes  ,N/A  ,N/A  ,0.35m,0.07m,0.24m,N/A,0.04m,04th Sep 07  
Command & Conquer: Red Alert 3 Ultimate Edition    ,PS3,Electronic Arts  ,EA Los Angeles  ,7.4  ,N/A  ,0.35m,0.14m,0.16m,N/A,0.06m,23rd Mar 09  
Tropico 4    ,X360,Kalypso  ,Haemimont Games  ,N/A  ,N/A  ,0.35m,0.20m,0.12m,N/A,0.03m,18th Oct 11  
Yu-Gi-Oh! 5D's Tag Force 5    ,PSP,Konami  ,Konami  ,N/A  ,N/A  ,0.35m,0.13m,0.05m,0.14m,0.03m,26th Oct 10  
SD Gundam G Generation World    ,PSP,Namco Bandai  ,Tom Create  ,N/A  ,N/A  ,0.34m,N/A,N/A,0.34m,N/A,24th Feb 11  
Battalion Wars 2    ,Wii,Nintendo  ,Kuju Entertainment  ,7.7  ,N/A  ,0.34m,0.22m,0.02m,0.08m,0.02m,29th Oct 07  
Supreme Commander 2    ,X360,Square Enix  ,Gas Powered Games  ,8.2  ,N/A  ,0.34m,0.23m,0.09m,N/A,0.03m,16th Mar 10  
Iron Storm    ,SAT,Working Designs  ,SystemSoft  ,N/A  ,N/A  ,0.34m,N/A,N/A,0.34m,0.00m,01st Jan 96  
Tom Clancy's Ghost Recon: Shadow Wars    ,3DS,Ubisoft  ,Ubisoft  ,7.9  ,N/A  ,0.34m,0.22m,0.10m,N/A,0.03m,22nd Mar 11  
The Eye of Judgment    ,PS3,Sony Computer Entertainment  ,SCE Japan Studio  ,7.5  ,N/A  ,0.34m,0.28m,0.00m,0.02m,0.03m,24th Oct 07  
Kidou Senshi Gundam F91: Formula Senki 0122    ,SNES,Bandai  ,Bandai  ,N/A  ,N/A  ,0.33m,N/A,N/A,0.33m,0.00m,06th Jul 91  
"Warhammer 40,000: Squad Command    ",PSP,THQ  ,RedLynx  ,6.6  ,N/A  ,0.33m,0.11m,0.14m,N/A,0.08m,12th Nov 07  
Battlestations: Pacific    ,X360,Eidos Interactive  ,Eidos Studios Hungary  ,N/A  ,N/A  ,0.32m,0.17m,0.11m,0.01m,0.03m,12th May 09  
Dragon Quest Monsters: Battle Road Victory    ,Wii,Square Enix  ,Armor Project/Bird Studio  ,N/A  ,N/A  ,0.32m,N/A,N/A,0.32m,N/A,15th Jul 10  
Shin Super Robot Taisen Special Disk    ,PS,Banpresto  ,Banpresto  ,N/A  ,N/A  ,0.32m,N/A,N/A,0.30m,0.02m,28th Mar 97  
Kingdom Under Fire: The Crusaders    ,XB,Microsoft  ,Phantagram  ,N/A  ,N/A  ,0.32m,0.24m,0.07m,N/A,0.01m,12th Oct 04  
Romance of the Three Kingdoms VII    ,PS2,KOEI  ,Koei  ,N/A  ,N/A  ,0.32m,0.08m,0.06m,0.16m,0.02m,25th Jun 02  
WarCraft II: The Dark Saga    ,PS,Electronic Arts  ,Blizzard Entertainment  ,7.3  ,N/A  ,0.31m,0.18m,0.12m,N/A,0.02m,31st Aug 97  
Yu-Gi-Oh! The Dawn of Destiny    ,XB,Konami  ,Konami Computer Entertainment Japan  ,N/A  ,N/A  ,0.31m,0.23m,0.07m,N/A,0.01m,23rd Mar 04  
SD Gundam G Generation Wars    ,PS2,Bandai  ,Tom Create  ,N/A  ,N/A  ,0.31m,N/A,N/A,0.31m,N/A,06th Aug 09  
Super Robot Taisen Complete Box    ,PS,Banpresto  ,Bandai  ,N/A  ,N/A  ,0.31m,N/A,N/A,0.29m,0.02m,10th Jun 99  
XCOM 2    ,PC,2K Games  ,Firaxis Games  ,N/A  ,N/A  ,0.31m,0.12m,0.16m,N/A,0.02m,30th Nov 15  
Lord of the Rings: Battle for Middle-Earth     ,X360,Electronic Arts  ,EA Los Angeles  ,N/A  ,N/A  ,0.31m,0.28m,N/A,N/A,0.02m,05th Jul 06  
Yu-Gi-Oh! 5D's World Championship 2010 Reverse of Arcadia    ,DS,Konami  ,Konami  ,7.6  ,N/A  ,0.31m,0.18m,0.02m,0.09m,0.02m,23rd Feb 10  
SD Gundam G Generation: Overworld    ,PSP,Namco Bandai Games  ,Namco Bandai Games  ,N/A  ,N/A  ,0.31m,N/A,N/A,0.31m,N/A,27th Sep 12  
XCOM 2    ,PS4,2K Games  ,Firaxis Games  ,N/A  ,N/A  ,0.31m,0.16m,0.10m,N/A,0.05m,27th Sep 16  
The Settlers 7: Paths to a Kingdom    ,PC,Ubisoft  ,Blue Byte  ,7.8  ,N/A  ,0.31m,N/A,0.27m,N/A,0.04m,23rd Mar 10  
Super Robot Taisen W    ,DS,Banpresto  ,Banpresto  ,N/A  ,N/A  ,0.30m,N/A,N/A,0.30m,N/A,01st Mar 07  
Super Robot Taisen OG: Original Generations Gaiden    ,PS2,Banpresto  ,Banpresto  ,N/A  ,N/A  ,0.30m,N/A,N/A,0.30m,N/A,27th Dec 07  
Romance of the Three Kingdoms VIII    ,PS2,KOEI  ,Koei  ,N/A  ,N/A  ,0.30m,0.05m,0.04m,0.19m,0.01m,13th Aug 03  
Invizimals: Shadow Zone    ,PSP,Sony Computer Entertainment  ,Novarama  ,N/A  ,N/A  ,0.30m,0.05m,0.16m,N/A,0.08m,25th Oct 11  
Dragon Force    ,SAT,Working Designs  ,Sega  ,9.0  ,N/A  ,0.30m,N/A,N/A,0.30m,0.00m,30th Nov 96  
Full Spectrum Warrior    ,PS2,THQ  ,Pandemic Studios  ,8.5  ,N/A  ,0.30m,0.15m,0.11m,N/A,0.04m,21st Mar 05  
Little King's Story    ,Wii,Xseed Games  ,Cing Inc. / Town Factory  ,8.5  ,9.0  ,0.29m,0.14m,0.11m,0.02m,0.02m,21st Jul 09  
Kagero: Deception II    ,PS,Tecmo  ,Tecmo  ,N/A  ,N/A  ,0.29m,0.03m,0.02m,0.22m,0.02m,14th Oct 98  
Zoo Tycoon 2 DS    ,DS,THQ  ,Altron  ,6.9  ,N/A  ,0.29m,0.24m,0.03m,N/A,0.02m,04th Feb 08  
SD Gundam G Century    ,PS,Bandai  ,Bandai  ,N/A  ,N/A  ,0.29m,N/A,N/A,0.27m,0.02m,20th Mar 97  
Dynasty Tactics    ,PS2,KOEI  ,Koei  ,N/A  ,N/A  ,0.29m,0.06m,0.05m,0.16m,0.02m,17th Sep 02  
Romance of the Three Kingdoms III: Dragon of Destiny    ,SNES,KOEI  ,Koei  ,N/A  ,N/A  ,0.29m,N/A,N/A,0.29m,N/A,01st Jan 93  
Culdcept    ,3DS,NIS America  ,OmiyaSoft  ,N/A  ,N/A  ,0.29m,0.04m,0.01m,0.23m,0.01m,03rd Oct 17  
Lord of Darkness    ,SNES,KOEI  ,Koei  ,N/A  ,N/A  ,0.28m,N/A,N/A,0.28m,0.00m,01st Jan 94  
Yu-Gi-Oh! World Championship 2008    ,DS,Konami  ,Konami  ,N/A  ,N/A  ,0.28m,0.13m,0.02m,0.12m,0.01m,04th Dec 07  
Kakyuusei    ,SAT,Elf  ,Elf  ,N/A  ,N/A  ,0.28m,N/A,N/A,0.28m,0.00m,25th Apr 97  
Civilization II    ,PS,Activision  ,LTI Grey Matter  ,8.2  ,N/A  ,0.28m,0.15m,0.11m,N/A,0.02m,20th Jan 98  
SD Gundam G Generation Portable    ,PSP,Namco Bandai  ,Bandai Namco Games  ,N/A  ,N/A  ,0.27m,N/A,N/A,0.27m,N/A,03rd Aug 06  
Command & Conquer    ,N64,Nintendo  ,Looking Glass Studios  ,N/A  ,N/A  ,0.27m,0.22m,0.05m,N/A,0.00m,31st May 99  
Fire Emblem: Shin Monshou no Nazo Hikari to Kage no Eiyuu    ,DS,Nintendo  ,Intelligent Systems  ,N/A  ,N/A  ,0.27m,N/A,N/A,0.27m,N/A,15th Jul 10  
Plants vs. Zombies    ,X360,PopCap Games  ,PopCap Games  ,8.9  ,N/A  ,0.27m,0.24m,N/A,N/A,0.02m,28th Sep 10  
R.U.S.E.    ,X360,Ubisoft  ,Eugen Systems  ,8.0  ,N/A  ,0.27m,0.12m,0.11m,0.00m,0.02m,07th Sep 10  
Duel Masters    ,PS2,Atari  ,High Voltage Software  ,N/A  ,N/A  ,0.27m,0.13m,0.10m,N/A,0.03m,02nd Nov 04  
Battle of Giants: Mutant Insects    ,DS,Ubisoft  ,Ubisoft Quebec  ,N/A  ,N/A  ,0.27m,0.09m,0.15m,N/A,0.03m,02nd Mar 10  
Total War: Attila    ,PC,Sega  ,Creative Assembly  ,N/A  ,N/A  ,0.26m,0.11m,0.14m,N/A,0.02m,17th Feb 15  
Tropico 4    ,PC,Kalypso  ,Haemimont Games  ,7.9  ,N/A  ,0.26m,0.10m,0.13m,N/A,0.03m,30th Aug 11  
R.U.S.E.    ,PC,Ubisoft  ,Eugen Systems  ,8.0  ,N/A  ,0.26m,0.04m,0.19m,N/A,0.03m,07th Sep 10  
Battlestations: Midway    ,X360,Eidos Interactive  ,Eidos Hungary  ,N/A  ,N/A  ,0.26m,0.21m,0.02m,0.00m,0.02m,30th Jan 07  
SD Gundam G Generation: Cross Drive    ,DS,Namco Bandai  ,Vanguard  ,N/A  ,N/A  ,0.26m,N/A,N/A,0.26m,N/A,09th Aug 07  
RollerCoaster Tycoon 3    ,PC,Atari  ,Frontier Developments  ,8.3  ,N/A  ,0.26m,0.01m,0.22m,N/A,0.02m,26th Oct 04  
Fire Emblem: Thracia 776    ,SNES,Nintendo  ,Intelligent Systems  ,N/A  ,N/A  ,0.26m,N/A,N/A,0.26m,N/A,01st Sep 99  
Super Robot Taisen R    ,GBA,Banpresto  ,Banpresto  ,N/A  ,N/A  ,0.26m,N/A,N/A,0.25m,0.01m,02nd Aug 02  
Romance of the Three Kingdoms II    ,SNES,KOEI  ,Koei  ,N/A  ,N/A  ,0.25m,N/A,N/A,0.25m,N/A,01st May 92  
A. IV Evolution: A Ressha de Ikou 4    ,PS,ArtDink  ,ArtDink  ,N/A  ,N/A  ,0.25m,N/A,N/A,0.24m,0.02m,03rd Dec 94  
Sid Meier's Civilization VI    ,NS,2K Games  ,Firaxis Games  ,9.4  ,N/A  ,0.25m,0.12m,0.11m,0.01m,0.02m,16th Nov 18  
Zoo Tycoon 2: Ultimate Collection    ,PC,Microsoft Game Studios  ,Blue Fang Games  ,N/A  ,N/A  ,0.25m,0.04m,0.19m,N/A,0.03m,05th Dec 08  
Dune 2000    ,PS,Electronic Arts  ,Westwood Studios  ,N/A  ,N/A  ,0.25m,0.14m,0.09m,N/A,0.02m,11th Feb 00  
Panzer General    ,PS,SSI  ,"Strategic Simulations, Inc.  ",N/A  ,N/A  ,0.24m,0.14m,0.09m,N/A,0.02m,01st Jan 96  
Command & Conquer 3: Kane's Wrath    ,X360,Electronic Arts  ,EA Los Angeles  ,7.0  ,N/A  ,0.24m,0.16m,0.06m,N/A,0.02m,23rd Jun 08  
Super Robot Taisen D    ,GBA,Banpresto  ,Banpresto  ,N/A  ,N/A  ,0.23m,N/A,N/A,0.23m,0.01m,08th Aug 03  
Anno 2205    ,PC,Ubisoft  ,Blue Byte  ,N/A  ,N/A  ,0.23m,0.04m,0.17m,N/A,0.02m,03rd Nov 15  
Super Robot Taisen F Kanketsuhen    ,PS,Banpresto  ,Banpresto  ,N/A  ,N/A  ,0.23m,N/A,N/A,0.21m,0.01m,15th Apr 99  
Yu-Gi-Oh! GX: Tag Force 3    ,PSP,Konami  ,Konami  ,N/A  ,N/A  ,0.23m,N/A,0.03m,0.18m,0.01m,28th Nov 08  
Code Name: S.T.E.A.M.    ,3DS,Nintendo  ,Intelligent Systems  ,8.0  ,N/A  ,0.22m,0.14m,0.05m,0.02m,0.02m,13th Mar 15  
Age of Empires: The Age of Kings    ,DS,Majesco  ,Backbone Entertainment  ,N/A  ,N/A  ,0.22m,0.18m,0.02m,N/A,0.02m,14th Feb 06  
Total War: WARHAMMER    ,PC,Sega  ,Creative Assembly  ,N/A  ,N/A  ,0.22m,N/A,0.21m,N/A,0.01m,24th May 16  
Worms: Battle Islands    ,Wii,THQ  ,Team17 Software  ,N/A  ,N/A  ,0.22m,0.10m,0.10m,N/A,0.02m,23rd Nov 10  
The Lord of the Rings: The Third Age    ,GBA,Electronic Arts  ,Griptonite Games  ,N/A  ,N/A  ,0.22m,0.16m,0.06m,N/A,0.00m,02nd Nov 04  
Kartia: The Word of Fate    ,PS,Atlus  ,Atlus Co.  ,7.9  ,N/A  ,0.22m,0.05m,0.03m,0.12m,0.01m,31st Jul 98  
Tropico 3    ,X360,Kalypso  ,Haemimont Games  ,7.7  ,N/A  ,0.22m,0.15m,0.02m,0.03m,0.01m,16th Feb 10  
Dai-2-Ji Super Robot Taisen OG    ,PS3,Namco Bandai Games  ,TOSE  ,N/A  ,N/A  ,0.22m,N/A,N/A,0.22m,N/A,29th Nov 12  
Conflict Zone    ,PS2,Ubisoft  ,MASA Group  ,N/A  ,N/A  ,0.21m,0.10m,0.08m,N/A,0.03m,19th Oct 02  
Front Mission 5: Scars of the War    ,PS2,Square Enix  ,Square Enix  ,N/A  ,N/A  ,0.21m,N/A,N/A,0.21m,N/A,29th Dec 05  
Age of Empires: Mythologies    ,DS,THQ  ,Griptonite  ,8.2  ,N/A  ,0.21m,0.16m,0.03m,N/A,0.02m,24th Nov 08  
Yu-Gi-Oh! 5D's World Championship 2011: Over the Nexus    ,DS,Konami  ,Konami  ,N/A  ,N/A  ,0.21m,0.10m,0.03m,0.07m,0.01m,10th May 11  
Super Robot Taisen K    ,DS,Namco Bandai  ,Banpresto  ,N/A  ,N/A  ,0.21m,N/A,N/A,0.21m,N/A,20th Mar 09  
Plants vs. Zombies    ,PS3,PopCap Games  ,PopCap  ,N/A  ,N/A  ,0.21m,0.18m,N/A,N/A,0.03m,15th Nov 11  
Trade & Battle: Card Hero    ,GB,Nintendo  ,Intelligent Systems  ,N/A  ,N/A  ,0.20m,N/A,N/A,0.20m,0.00m,21st Feb 00  
SD Gundam GNext    ,SNES,Bandai  ,Bandai  ,N/A  ,N/A  ,0.20m,N/A,N/A,0.20m,N/A,22nd Dec 95  
Thrillville    ,PSP,LucasArts  ,Frontier Developments  ,7.4  ,N/A  ,0.20m,0.18m,0.00m,N/A,0.02m,21st Nov 06  
Suikoden Tactics    ,PS2,Konami  ,Konami  ,N/A  ,N/A  ,0.20m,0.06m,0.05m,0.07m,0.02m,08th Nov 05  
Langrisser III    ,SAT,NCS  ,NCS  ,N/A  ,N/A  ,0.20m,N/A,N/A,0.20m,N/A,18th Oct 96  
Super Robot Taisen 64    ,N64,Banpresto  ,Banpresto  ,N/A  ,N/A  ,0.20m,N/A,N/A,0.20m,0.00m,29th Oct 99  
Sid Meier's Pirates!    ,PSP,2K Games  ,Full Fat  ,8.5  ,N/A  ,0.20m,0.16m,0.01m,N/A,0.02m,22nd Jan 07  
Nobunaga no Yabou: Reppuuden    ,PS,KOEI  ,Koei/Inis  ,N/A  ,N/A  ,0.20m,N/A,N/A,0.19m,0.01m,09th Sep 99  
Gladius    ,PS2,LucasArts  ,LucasArts  ,N/A  ,N/A  ,0.20m,0.10m,0.08m,N/A,0.03m,28th Oct 03  
Total War: Shogun 2 - Fall of the Samurai    ,PC,Sega  ,The Creative Assembly  ,N/A  ,N/A  ,0.20m,0.07m,0.10m,N/A,0.02m,23rd Mar 12  
Valkyria Chronicles 4    ,NS,Sega  ,Sega  ,8.6  ,N/A  ,0.19m,0.12m,0.04m,0.02m,0.02m,25th Sep 18  
Nobunaga no Yabou: Souzou    ,PS3,Tecmo Koei  ,Koei Tecmo Games  ,N/A  ,N/A  ,0.19m,N/A,N/A,0.19m,N/A,12th Dec 13  
Super Robot Taisen: Scramble Commander    ,PS2,Banpresto  ,Banpresto  ,N/A  ,N/A  ,0.19m,N/A,N/A,0.19m,N/A,06th Nov 03  
Aliens versus Predator: Extinction    ,PS2,Electronic Arts  ,Zono Incorporated  ,N/A  ,N/A  ,0.19m,0.09m,0.07m,N/A,0.02m,30th Jul 03  
Allied General    ,PS,SSI  ,SSI  ,6.3  ,N/A  ,0.19m,0.11m,0.07m,N/A,0.01m,30th Sep 96  
Stronghold 3    ,PC,SouthPeak Interactive  ,FireFly Studios  ,4.1  ,N/A  ,0.19m,0.06m,0.13m,N/A,N/A,25th Oct 11  
Supreme Commander 2    ,PC,Square Enix  ,Gas Powered Games  ,7.5  ,N/A  ,0.19m,N/A,0.15m,N/A,0.04m,02nd Mar 10  
Warhammer: Shadow of the Horned Rat    ,PS,SSI  ,Games Workshop  ,N/A  ,N/A  ,0.19m,0.11m,0.07m,N/A,0.01m,01st Nov 96  
Princess Maker: Yumemiru Yosei    ,PS,Sony Computer Entertainment  ,Unknown  ,N/A  ,N/A  ,0.19m,N/A,N/A,0.18m,0.01m,24th Jan 97  
Shining Force II    ,GEN,Sega  ,Camelot Software Planning  ,9.0  ,N/A  ,0.19m,N/A,N/A,0.19m,N/A,19th Oct 94  
Robin Hood: Defender of the Crown    ,PS2,Capcom  ,Cinemaware  ,N/A  ,N/A  ,0.19m,0.09m,0.07m,N/A,0.02m,30th Sep 03  
SD Gundam GX    ,SNES,Bandai  ,Bec  ,N/A  ,N/A  ,0.19m,N/A,N/A,0.19m,N/A,27th May 94  
Battle of Giants: Dinosaurs Strike    ,Wii,Ubisoft  ,Ubisoft Quebec City  ,N/A  ,N/A  ,0.19m,0.14m,0.03m,N/A,0.01m,09th Nov 10  
XCOM 2    ,XOne,2K Games  ,Firaxis Games  ,N/A  ,N/A  ,0.19m,0.15m,0.02m,N/A,0.02m,27th Sep 16  
Super Robot Taisen J    ,GBA,Banpresto  ,Al  ,N/A  ,N/A  ,0.18m,N/A,N/A,0.18m,0.00m,15th Sep 05  
GameBoy Wars    ,GB,Nintendo  ,Intelligent Systems  ,N/A  ,N/A  ,0.18m,N/A,N/A,0.18m,0.00m,21st May 91  
Battle Commander: Hachibushu Shura no Heihou    ,SNES,Banpresto  ,Banpresto  ,N/A  ,N/A  ,0.18m,N/A,N/A,0.18m,N/A,29th Dec 91  
Metal Gear Ac!d 2    ,PSP,Konami  ,Kojima Productions  ,8.3  ,N/A  ,0.18m,0.11m,0.01m,0.05m,0.01m,21st Mar 06  
Commandos 2: Men of Courage    ,PS2,Eidos Interactive  ,Pyro Studios  ,N/A  ,N/A  ,0.18m,0.09m,0.07m,N/A,0.02m,28th Aug 02  
Kidou Senshi Gundam: Senjou no Kizuna Portable    ,PSP,Namco Bandai  ,Access Games  ,N/A  ,N/A  ,0.18m,N/A,N/A,0.18m,N/A,26th Mar 09  
Super Robot Taisen A Portable    ,PSP,Namco Bandai  ,Banpresto  ,N/A  ,N/A  ,0.18m,N/A,N/A,0.18m,N/A,19th Jun 08  
Stormrise    ,PS3,Sega  ,The Creative Assembly  ,N/A  ,N/A  ,0.17m,0.13m,0.02m,N/A,0.02m,24th Mar 09  
Super Robot Taisen L    ,DS,Namco Bandai  ,Banpresto  ,N/A  ,N/A  ,0.17m,N/A,N/A,0.17m,N/A,25th Nov 10  
Company of Heroes: Anthology    ,PC,THQ  ,Relic  ,N/A  ,N/A  ,0.17m,N/A,0.15m,N/A,0.03m,24th Apr 09  
Space Battleship Yamato: Harukanaru Hoshi Iscandar    ,PS,Bandai  ,Bandai  ,N/A  ,N/A  ,0.17m,N/A,N/A,0.16m,0.01m,04th Feb 99  
Goblin Commander: Unleash the Horde    ,PS2,Jaleco  ,Jaleco Entertainment  ,7.4  ,N/A  ,0.17m,0.08m,0.07m,N/A,0.02m,11th Nov 03  
Super Robot Taisen Compact 2 Dai-1-Bu    ,WS,Bandai  ,Bandai  ,N/A  ,N/A  ,0.17m,N/A,N/A,0.17m,N/A,30th Mar 00  
Age of Empires III: Complete Collection    ,PC,Microsoft Game Studios  ,Ensemble Studios  ,N/A  ,N/A  ,0.17m,0.01m,0.13m,N/A,0.03m,15th Sep 09  
Nobunaga no Yabou: Tenshoki    ,SNES,KOEI  ,Koei  ,N/A  ,N/A  ,0.17m,N/A,N/A,0.17m,0.00m,26th Jan 96  
San Goku Shi Taisen DS    ,DS,Sega  ,Sega  ,N/A  ,N/A  ,0.16m,N/A,N/A,0.16m,N/A,25th Jan 07  
Magic: The Gathering - Battlegrounds    ,XB,Atari  ,Secret Level  ,N/A  ,N/A  ,0.16m,0.12m,0.03m,N/A,0.01m,18th Nov 03  
Thrillville: Off the Rails    ,X360,LucasArts  ,Frontier Developments  ,N/A  ,N/A  ,0.16m,0.13m,0.02m,N/A,0.01m,09th Oct 07  
Yu-Gi-Oh! 5D's Tag Force 6    ,PSP,Konami  ,Konami  ,N/A  ,N/A  ,0.16m,N/A,N/A,0.16m,N/A,22nd Sep 11  
Sid Meier's Pirates!    ,Wii,2K Games  ,Firaxis Games  ,6.5  ,N/A  ,0.16m,0.13m,0.02m,N/A,0.01m,05th Oct 10  
Our House    ,DS,Majesco  ,Majesco  ,N/A  ,N/A  ,0.16m,0.15m,N/A,N/A,0.01m,22nd Sep 09  
Starcraft 64    ,N64,Nintendo  ,Mass Media  ,8.0  ,N/A  ,0.16m,0.13m,0.03m,N/A,0.00m,13th Jun 00  
Scarface: Money. Power. Respect.    ,PSP,Sierra Entertainment  ,Radical Entertainment  ,6.4  ,N/A  ,0.16m,0.15m,0.00m,N/A,0.01m,08th Oct 06  
Sid Meier's Civilization IV    ,PC,2K Games  ,Firaxis Games  ,9.4  ,N/A  ,0.16m,0.02m,0.12m,N/A,0.02m,25th Oct 05  
Field Commander    ,PSP,Sony Online Entertainment  ,Sony Online Entertainment  ,7.7  ,N/A  ,0.16m,0.14m,0.00m,N/A,0.01m,23rd May 06  
Yu-Gi-Oh! 5D's: Duel Transer    ,Wii,Konami  ,Konami  ,N/A  ,N/A  ,0.16m,0.11m,0.02m,0.02m,0.01m,07th Dec 10  
Kidou Senshi Gundam: Giren no Yabou - Axis no Kyoui    ,PSP,Namco Bandai  ,Bandai Namco Games  ,N/A  ,N/A  ,0.16m,N/A,N/A,0.16m,N/A,07th Feb 08  
Stormrise    ,X360,Sega  ,The Creative Assembly  ,4.4  ,N/A  ,0.15m,0.11m,0.03m,N/A,0.01m,24th Mar 09  
Kingdom Under Fire: Heroes    ,XB,Microsoft  ,Phantagram  ,N/A  ,N/A  ,0.15m,0.11m,0.03m,N/A,0.01m,20th Sep 05  
Kidou Senkan Nadesico    ,SAT,Unknown  ,fupac  ,N/A  ,N/A  ,0.15m,N/A,N/A,0.15m,N/A,31st Dec 20  
Chessmaster II    ,PS,Mindscape  ,Starsphere Interactive  ,7.5  ,N/A  ,0.15m,0.08m,0.06m,N/A,0.01m,31st May 99  
Mobile Suit Gundam: Perfect One Year War    ,PS,Bandai  ,Bandai  ,N/A  ,N/A  ,0.15m,N/A,N/A,0.14m,0.01m,31st Jul 97  
Heroes of Mana    ,DS,Square Enix  ,Brownie Brown  ,6.4  ,N/A  ,0.14m,0.07m,0.01m,0.05m,0.01m,14th Aug 07  
Shining Force CD    ,SCD,Sega  ,Camelot Software Planning  ,N/A  ,N/A  ,0.14m,N/A,N/A,0.14m,N/A,21st Jul 94  
Mytran Wars    ,PSP,Deep Silver  ,Stormregion  ,N/A  ,N/A  ,0.14m,0.09m,0.02m,N/A,0.03m,20th Oct 09  
Front Mission Alternative    ,PS,Square  ,SquareSoft  ,N/A  ,N/A  ,0.14m,N/A,N/A,0.13m,0.01m,18th Dec 97  
Project V6    ,PS,General Entertainment  ,General Entertainment  ,N/A  ,N/A  ,0.14m,N/A,N/A,0.13m,0.01m,26th Feb 98  
Kidou Senshi Gundam: Shin Gihren no Yabou    ,PSP,Namco Bandai  ,Namco Bandai Games  ,N/A  ,N/A  ,0.14m,N/A,N/A,0.14m,N/A,25th Aug 11  
Sid Meier's Pirates!    ,XB,2K Games  ,Firaxis Games  ,N/A  ,N/A  ,0.14m,0.11m,0.03m,N/A,0.01m,11th Jul 05  
Warcraft III: Reign of Chaos    ,PC,Blizzard Entertainment  ,Blizzard Entertainment  ,9.3  ,N/A  ,0.14m,0.03m,0.10m,N/A,0.01m,03rd Jul 02  
Houshinengi    ,PS,KOEI  ,Koei / Inis  ,N/A  ,N/A  ,0.14m,N/A,N/A,0.13m,0.01m,10th Sep 98  
Kamen Rider Battle: Ganbaride Card Battle Taisen    ,DS,Namco Bandai  ,Bandai Namco Games  ,N/A  ,N/A  ,0.14m,N/A,N/A,0.14m,N/A,29th Jul 10  
Age of Empires: Collector's Edition    ,PC,Microsoft  ,Ensemble Studios  ,N/A  ,N/A  ,0.14m,0.02m,0.10m,N/A,0.01m,02nd Nov 00  
Gladius    ,XB,LucasArts  ,LucasArts  ,N/A  ,N/A  ,0.14m,0.10m,0.03m,N/A,0.00m,28th Oct 03  
Nobunaga no Yabou: Tendou    ,PS3,KOEI  ,Koei  ,N/A  ,N/A  ,0.13m,N/A,N/A,0.13m,N/A,04th Mar 10  
Sentou Kokka Air Land Battle    ,PS,Sony Computer Entertainment  ,Marionette  ,N/A  ,N/A  ,0.13m,N/A,N/A,0.13m,0.01m,01st Dec 95  
Lord of the Rings: Tactics    ,PSP,Electronic Arts  ,Amaze Entertainment  ,6.9  ,N/A  ,0.13m,0.11m,0.02m,N/A,0.01m,08th Nov 05  
Shining Force III    ,SAT,Sega  ,Camelot Software Planning  ,N/A  ,N/A  ,0.13m,N/A,N/A,0.13m,N/A,31st May 98  
Ninjatown    ,DS,SouthPeak Interactive  ,Venan Entertainment / Cashmere Productions  ,N/A  ,N/A  ,0.13m,0.12m,0.00m,N/A,0.01m,28th Oct 08  
The Stronghold Collection    ,PC,2K Games  ,FireFly Studios  ,N/A  ,N/A  ,0.13m,0.04m,0.08m,N/A,0.01m,27th Oct 09  
Super Robot Wars X    ,PS4,Bandai Namco Games  ,Bandai Namco  ,N/A  ,N/A  ,0.13m,N/A,N/A,0.13m,N/A,29th Mar 18  
The Unholy War    ,PS,Eidos Interactive  ,Toys for Bob  ,N/A  ,N/A  ,0.13m,0.07m,0.05m,N/A,0.01m,30th Sep 98  
Yu-Gi-Oh! GX: Tag Force    ,PSP,Konami  ,Konami  ,6.0  ,N/A  ,0.13m,0.09m,0.03m,N/A,0.02m,14th Nov 06  
Romance of the Three Kingdoms IV: Wall of Fire    ,PS,KOEI  ,Koei/Inis  ,N/A  ,N/A  ,0.13m,0.05m,0.03m,0.04m,0.01m,01st Jan 96  
RollerCoaster Tycoon    ,XB,Atari  ,Atari  ,5.5  ,N/A  ,0.13m,0.10m,0.03m,N/A,0.00m,25th Mar 03  
Nobunaga no Yabou: Ranseiki    ,PS2,KOEI  ,Koei / Inis  ,N/A  ,N/A  ,0.13m,N/A,N/A,0.13m,N/A,04th Apr 02  
Little Battlers eXperience: Wars    ,3DS,Level 5  ,Level 5  ,N/A  ,N/A  ,0.13m,N/A,N/A,0.13m,N/A,31st Oct 13  
The History Channel: Great Battles - Medieval    ,X360,Slitherine Software  ,Slitherine Software  ,N/A  ,N/A  ,0.13m,0.08m,0.04m,N/A,0.01m,09th May 11  
Record of Agarest War Zero    ,PS3,Aksys Games  ,Compile Heart  ,6.2  ,N/A  ,0.13m,0.09m,N/A,0.03m,0.01m,14th Jun 11  
PixelJunk Monsters Deluxe    ,PSP,Sony Computer Entertainment  ,Q-Games  ,8.7  ,N/A  ,0.12m,0.11m,N/A,N/A,0.02m,27th Apr 10  
Worms 3D    ,PS2,Acclaim Entertainment  ,Team17 Software  ,N/A  ,N/A  ,0.12m,0.06m,0.05m,N/A,0.02m,11th Mar 04  
Magic: The Gathering - Battlemage    ,PS,Acclaim Entertainment  ,Realtime Associates  ,N/A  ,N/A  ,0.12m,0.07m,0.05m,N/A,0.01m,01st Aug 97  
Star Trek: Conquest    ,Wii,Bethesda Softworks  ,Bethesda Softworks  ,N/A  ,N/A  ,0.12m,0.11m,0.01m,N/A,0.01m,20th Nov 07  
San Goku Shi V    ,SAT,KOEI  ,Koei  ,N/A  ,N/A  ,0.12m,N/A,N/A,0.12m,N/A,27th Sep 96  
SD Gundam G Generation Genesis    ,PSV,Namco Bandai Games  ,Bandai Namco  ,N/A  ,N/A  ,0.12m,N/A,N/A,0.12m,N/A,22nd Nov 16  
Super Robot Wars OG Saga: Masou Kishin - The Lord of Elemental    ,DS,Namco Bandai  ,Monolith Soft  ,N/A  ,N/A  ,0.12m,N/A,N/A,0.12m,N/A,27th May 10  
Battles of Prince of Persia    ,DS,Ubisoft  ,Ubisoft Montreal  ,5.6  ,N/A  ,0.12m,0.10m,0.01m,N/A,0.01m,06th Dec 05  
SD Gundam G Generation-F.I.F    ,PS,Bandai  ,Bandai  ,N/A  ,N/A  ,0.12m,N/A,N/A,0.11m,0.01m,02nd May 01  
Sengoku Cyber: Fujimaru Jigokuhen    ,PS,Sony Computer Entertainment  ,Sony Computer Entertainment  ,N/A  ,N/A  ,0.12m,N/A,N/A,0.11m,0.01m,27th Oct 95  
Tom Clancy's EndWar    ,PSP,Ubisoft  ,Funatics Software  ,6.7  ,N/A  ,0.11m,0.10m,0.01m,N/A,0.01m,04th Nov 08  
Nobunaga no Yabou: Tenshoki    ,SAT,KOEI  ,Koei  ,N/A  ,N/A  ,0.11m,N/A,N/A,0.11m,0.00m,29th Sep 95  
Constructor HD    ,PS4,Deep Silver  ,System 3  ,N/A  ,N/A  ,0.11m,0.09m,N/A,N/A,0.02m,11th Jul 17  
Star Trek: Conquest    ,PS2,Bethesda Softworks  ,Bethesda Softworks  ,N/A  ,N/A  ,0.11m,0.06m,0.04m,N/A,0.01m,20th Nov 07  
Ring of Red    ,PS2,Konami  ,Konami  ,8.0  ,N/A  ,0.11m,0.06m,0.04m,N/A,0.01m,12th Mar 01  
Warhammer: Battle March    ,X360,Namco Bandai  ,Namco Bandai Games  ,N/A  ,N/A  ,0.11m,0.09m,0.02m,N/A,0.01m,02nd Sep 08  
Desktop Tower Defense    ,DS,THQ  ,THQ  ,N/A  ,N/A  ,0.11m,0.10m,N/A,N/A,0.01m,11th May 09  
Medieval II: Total War    ,PC,Sega  ,The Creative Assembly  ,8.8  ,N/A  ,0.11m,N/A,0.10m,N/A,0.01m,13th Nov 06  
Yu Yu Hakusho: Tournament Tactics    ,GBA,Atari  ,Sensory Sweep  ,N/A  ,N/A  ,0.11m,0.08m,0.03m,N/A,0.00m,18th Nov 04  
Kousoku Card Battle: Card Hero    ,DS,Nintendo  ,Intelligent Systems  ,N/A  ,N/A  ,0.11m,N/A,N/A,0.11m,N/A,20th Dec 07  
SD Gundam G Generation Genesis    ,PS4,Namco Bandai Games  ,Bandai Namco  ,N/A  ,N/A  ,0.11m,N/A,N/A,0.11m,N/A,22nd Nov 16  
The Settlers    ,DS,Ubisoft  ,Ubisoft Paris  ,N/A  ,N/A  ,0.11m,0.10m,0.00m,N/A,0.01m,21st Aug 07  
Army Men: RTS    ,PS2,3DO  ,Pandemic Studios  ,6.1  ,N/A  ,0.11m,0.05m,0.04m,N/A,0.01m,27th Mar 02  
Worms Forts: Under Siege    ,PS2,Sega  ,Team17 Software  ,N/A  ,N/A  ,0.11m,0.05m,0.04m,N/A,0.01m,15th Mar 05  
Dynasty Tactics 2    ,PS2,KOEI  ,Koei  ,N/A  ,N/A  ,0.11m,0.05m,0.04m,N/A,0.01m,23rd Sep 03  
Langrisser IV    ,SAT,NCS  ,Career Soft  ,N/A  ,N/A  ,0.11m,N/A,N/A,0.11m,N/A,01st Aug 97  
Railroad Tycoon II    ,PS,Take-Two Interactive  ,Take-Two Interactive  ,6.6  ,N/A  ,0.11m,0.06m,0.04m,N/A,0.01m,31st Jan 00  
Stronghold    ,PC,Gathering of Developers  ,FireFly Studios  ,N/A  ,N/A  ,0.11m,N/A,0.10m,N/A,0.01m,21st Oct 01  
Rome: Total War    ,PC,Activision  ,The Creative Assembly  ,9.0  ,N/A  ,0.11m,N/A,0.09m,N/A,0.01m,22nd Sep 04  
Carnage Heart    ,PS,Sony Computer Entertainment  ,ArtDink  ,7.1  ,N/A  ,0.11m,0.01m,0.01m,0.09m,0.01m,31st Jan 97  
Digimon Digital Card Battle    ,PS,Bandai  ,Bandai  ,N/A  ,N/A  ,0.11m,0.06m,0.04m,N/A,0.01m,28th Jun 01  
Yuusha no Kuse ni Namaikida Or 3D    ,PSP,Sony Computer Entertainment  ,Acquire  ,N/A  ,N/A  ,0.11m,N/A,N/A,0.11m,N/A,11th Mar 10  
Stronghold Kingdoms    ,PC,DTP Entertainment  ,FireFly Studios  ,N/A  ,N/A  ,0.10m,N/A,0.10m,N/A,0.01m,23rd Feb 11  
Thrillville: Off the Rails    ,PSP,LucasArts  ,Frontier Developments  ,N/A  ,N/A  ,0.10m,0.09m,0.00m,N/A,0.01m,09th Oct 07  
Universe at War: Earth Assault    ,X360,Sega  ,Petroglyph Games  ,N/A  ,N/A  ,0.10m,0.09m,0.01m,N/A,0.01m,25th Mar 08  
Vandal Hearts II    ,PS,Konami  ,Konami  ,7.2  ,N/A  ,0.10m,0.06m,0.04m,N/A,0.01m,30th Nov 99  
Culdcept DS    ,DS,Sega  ,OmiyaSoft  ,N/A  ,N/A  ,0.10m,N/A,N/A,0.10m,N/A,16th Oct 08  
Weiss Schwarz Portable    ,PSP,Namco Bandai  ,Namco Bandai Games  ,N/A  ,N/A  ,0.10m,N/A,N/A,0.10m,N/A,23rd Nov 11  
Dungeons & Dragons Tactics    ,PSP,Atari  ,Kuju Entertainment  ,5.2  ,N/A  ,0.10m,0.09m,0.00m,N/A,0.01m,14th Aug 07  
Record of Agarest War Zero    ,X360,Aksys Games  ,Compile Heart  ,6.5  ,N/A  ,0.10m,0.09m,N/A,N/A,0.01m,14th Jun 11  
Sudden Strike 4    ,PS4,Kalypso Media  ,Kite Games  ,N/A  ,N/A  ,0.10m,0.05m,0.03m,0.01m,0.02m,15th Aug 17  
Dora & Kai-Lan's Pet Shelter    ,DS,2K Play  ,Black Lantern Studios  ,N/A  ,N/A  ,0.10m,0.08m,0.01m,N/A,0.01m,01st Nov 11  
L'Aigle de Guerre    ,GBA,Nintendo  ,Genki  ,N/A  ,N/A  ,0.10m,N/A,N/A,0.10m,0.00m,21st Nov 01  
LEGO Rock Raiders    ,PS,LEGO Media  ,Data Design Interactive  ,N/A  ,N/A  ,0.10m,0.06m,0.04m,N/A,0.01m,17th Aug 00  
"Warhammer 40,000: Dawn of War II - Chaos Rising    ",PC,THQ  ,Relic  ,8.6  ,N/A  ,0.10m,0.08m,0.01m,N/A,0.01m,11th Mar 10  
SNK vs. Capcom Card Fighters DS    ,DS,SNK Playmore  ,SNK Playmore Corporation  ,N/A  ,N/A  ,0.10m,0.09m,N/A,N/A,0.01m,24th Apr 07  
Glory Days 2    ,DS,Secret Stash Games  ,Odenis Studio  ,N/A  ,N/A  ,0.09m,0.08m,0.00m,N/A,0.01m,06th Aug 07  
Neo Atlas    ,PS,ArtDink  ,Flip Flop Production  ,N/A  ,N/A  ,0.09m,N/A,N/A,0.09m,0.01m,26th Feb 98  
Populous DS    ,DS,Xseed Games  ,Genki  ,N/A  ,N/A  ,0.09m,0.07m,0.00m,0.02m,0.01m,10th Nov 08  
Langrisser V: The End of Legend    ,SAT,NCS  ,Career Soft  ,N/A  ,N/A  ,0.09m,N/A,N/A,0.09m,N/A,18th Jun 98  
Populous: The Beginning    ,PS,Electronic Arts  ,Bullfrog Productions  ,N/A  ,N/A  ,0.09m,0.05m,0.04m,N/A,0.01m,31st Mar 99  
Dungeons    ,PC,Kalypso  ,Kalypso Media  ,6.5  ,N/A  ,0.09m,0.07m,0.02m,N/A,0.01m,10th Feb 11  
Chess    ,PS,Agetec  ,Success  ,N/A  ,N/A  ,0.09m,0.05m,0.04m,N/A,0.01m,04th Dec 01  
X-COM: UFO Defense    ,PS,Microprose  ,MicroProse  ,N/A  ,N/A  ,0.09m,0.05m,0.04m,N/A,0.01m,25th Oct 95  
Wordmaster    ,DS,"Destination Software, Inc  ",N/A  ,N/A  ,N/A  ,0.09m,0.09m,0.00m,N/A,0.01m,12th Aug 08  
Nobunaga's Ambition: Sphere of Influence - Ascension    ,PS4,Tecmo Koei  ,Koei Tecmo Games  ,N/A  ,N/A  ,0.09m,0.03m,N/A,0.06m,0.01m,25th Oct 16  
Yu-Gi-Oh! GX: The Beginning of Destiny (US sales)    ,PS2,Konami  ,Konami  ,N/A  ,N/A  ,0.09m,0.05m,0.04m,N/A,0.01m,08th Jan 08  
Grand Ages: Medieval    ,PS4,Kalypso Media  ,Gaming Minds Studios  ,N/A  ,N/A  ,0.09m,N/A,0.05m,0.03m,0.01m,29th Sep 15  
Age of Empires II: The Age of Kings    ,PC,Microsoft  ,Ensemble Studios  ,9.3  ,N/A  ,0.09m,0.01m,0.08m,N/A,0.01m,30th Sep 99  
Hearts of Iron IV    ,PC,Paradox Interactive   ,Paradox Development  ,N/A  ,N/A  ,0.09m,N/A,0.09m,N/A,0.01m,06th Jun 16  
Return Fire    ,PS,Time Warner Interactive  ,Silent Software Inc.  ,N/A  ,N/A  ,0.09m,0.05m,0.03m,N/A,0.01m,12th Apr 96  
Hearts of Iron III    ,PC,Paradox Interactive   ,Paradox Interactive  ,7.9  ,N/A  ,0.09m,0.04m,0.04m,N/A,0.01m,11th Aug 09  
Romance of the Three Kingdoms X    ,PS2,KOEI  ,Koei  ,N/A  ,N/A  ,0.09m,0.04m,0.03m,N/A,0.01m,21st Jun 05  
Brigandine: The Legend of Forsena    ,PS,Atlus  ,Hearty Robin  ,N/A  ,N/A  ,0.09m,0.05m,0.03m,N/A,0.01m,31st Oct 98  
Tom Clancy's EndWar    ,DS,Ubisoft  ,Funatics Software  ,N/A  ,N/A  ,0.09m,0.08m,0.01m,N/A,0.01m,04th Nov 08  
Lock's Quest    ,DS,THQ  ,5TH Cell  ,N/A  ,N/A  ,0.09m,0.08m,0.00m,0.00m,0.01m,08th Sep 08  
Cardfight!! Vanguard: Ride to Victory!!    ,3DS,FuRyu Corporation  ,FuRyu  ,N/A  ,N/A  ,0.09m,N/A,N/A,0.09m,N/A,11th Apr 13  
Might & Magic Heroes VII    ,PC,Ubisoft  ,Limbic Software  ,N/A  ,N/A  ,0.09m,N/A,0.08m,N/A,0.01m,29th Sep 15  
Super Robot Taisen MX Portable    ,PSP,Banpresto  ,Banpresto  ,N/A  ,N/A  ,0.09m,N/A,N/A,0.09m,N/A,29th Dec 05  
Zoids Assault    ,X360,Atlus  ,Atlus Co.  ,5.2  ,N/A  ,0.09m,0.08m,N/A,N/A,0.01m,09th Sep 08  
Star Wars: Empire at War - Gold Pack    ,PC,LucasArts  ,Petroglyph Games  ,N/A  ,N/A  ,0.09m,0.01m,0.07m,N/A,0.01m,15th Aug 07  
Supreme Commander    ,X360,Aspyr  ,Gas Powered Games  ,5.7  ,N/A  ,0.09m,0.07m,0.01m,N/A,0.01m,23rd Jun 08  
R-Type Command    ,PSP,Atlus  ,Irem Software Engineering  ,N/A  ,N/A  ,0.09m,0.07m,0.00m,0.01m,0.02m,06th May 08  
Black & White 2    ,PC,Electronic Arts  ,Lionhead Studios  ,N/A  ,N/A  ,0.09m,0.01m,0.07m,N/A,0.01m,04th Oct 05  
Romance of the Three Kingdoms XII    ,PS3,Tecmo Koei  ,Tecmo Koei Games  ,N/A  ,N/A  ,0.09m,N/A,N/A,0.09m,N/A,13th Dec 12  
Nobunaga's Ambition: Iron Triangle    ,PS2,KOEI  ,Koei  ,N/A  ,N/A  ,0.09m,0.04m,0.03m,N/A,0.01m,27th Jan 09  
Theme Hospital    ,PS,Electronic Arts  ,Krisalis Software  ,7.2  ,N/A  ,0.09m,0.03m,0.02m,0.03m,0.01m,31st Mar 98  
MetropolisMania    ,PS2,Natsume  ,Indi Software  ,6.8  ,N/A  ,0.09m,0.04m,0.03m,N/A,0.01m,03rd Oct 02  
Age of Mythology    ,PC,Microsoft Game Studios  ,Ensemble Studios  ,8.8  ,N/A  ,0.08m,0.02m,0.06m,N/A,0.01m,01st Nov 02  
Onimusha Tactics    ,GBA,Capcom  ,Capcom  ,N/A  ,N/A  ,0.08m,0.06m,0.02m,N/A,0.00m,11th Nov 03  
Aliens versus Predator: Extinction    ,XB,Electronic Arts  ,Zono Incorporated  ,N/A  ,N/A  ,0.08m,0.06m,0.02m,N/A,0.00m,30th Jul 03  
Star Wars: Empire at War    ,PC,LucasArts  ,Petroglyph Games  ,N/A  ,N/A  ,0.08m,0.01m,0.07m,N/A,0.01m,15th Feb 06  
RollerCoaster Tycoon 3: Platinum    ,PC,Atari  ,Frontier Developments  ,N/A  ,N/A  ,0.08m,0.01m,0.06m,N/A,0.01m,08th Nov 06  
Nobunaga's Ambition: Rise to Power    ,PS2,KOEI  ,Koei  ,N/A  ,N/A  ,0.08m,N/A,N/A,0.08m,N/A,05th Feb 08  
Bakugan: Rise of the Resistance    ,DS,Activision  ,Activision  ,N/A  ,N/A  ,0.08m,0.05m,0.02m,N/A,0.01m,08th Nov 11  
Black/Matrix    ,SAT,NEC Interchannel   ,Flight-Plan  ,N/A  ,N/A  ,0.08m,N/A,N/A,0.08m,0.00m,27th Aug 98  
Ken to Mahou to Gakuen Mono. Final: Shinnyusei wa Ohimesama    ,PSP,Acquire  ,ZeroDiv  ,N/A  ,N/A  ,0.08m,N/A,N/A,0.08m,N/A,13th Oct 11  
Ultimate Card Games DS    ,DS,Telegames  ,Unknown  ,N/A  ,N/A  ,0.08m,0.07m,N/A,N/A,0.01m,17th Oct 08  
"Warhammer 40,000: Dawn of War II - Retribution    ",PC,THQ  ,Relic Entertainment  ,7.9  ,N/A  ,0.08m,N/A,0.06m,N/A,0.02m,01st Mar 11  
Famicom Mini: SD Gundam World Gachapon Senshi - Scramble Wars    ,GBA,Nintendo  ,Bandai  ,N/A  ,N/A  ,0.08m,N/A,N/A,0.08m,0.00m,10th Aug 04  
Goblin Commander: Unleash the Horde    ,XB,Jaleco  ,Jaleco Entertainment  ,N/A  ,N/A  ,0.08m,0.06m,0.02m,N/A,0.00m,11th Nov 03  
A-Train    ,PS,Maxis  ,ArtDink  ,6.0  ,N/A  ,0.08m,0.02m,0.01m,0.04m,0.01m,01st Jan 96  
Worms: A Space Oddity    ,Wii,THQ  ,Team17 Software  ,N/A  ,N/A  ,0.08m,0.06m,0.02m,N/A,0.01m,18th Mar 08  
Worms: Open Warfare    ,DS,THQ  ,Team17 Software  ,N/A  ,N/A  ,0.08m,0.05m,0.02m,N/A,0.01m,22nd Mar 06  
Future Card Buddyfight: Yuujou no Bakunetsu Fight!    ,3DS,FuRyu Corporation  ,FuRyu  ,N/A  ,N/A  ,0.08m,N/A,N/A,0.08m,N/A,16th Apr 15  
FabStyle    ,DS,Tecmo Koei  ,Tecmo Koei Games  ,N/A  ,N/A  ,0.08m,N/A,N/A,0.08m,N/A,24th Nov 11  
GOTHA: Ismailia Seneki    ,SAT,Sega  ,Micronet  ,N/A  ,N/A  ,0.08m,N/A,N/A,0.08m,0.00m,27th Jan 95  
Dragon Force II: Kamisarishi Daichi ni    ,SAT,Sega  ,Chime  ,N/A  ,N/A  ,0.08m,N/A,N/A,0.08m,0.00m,02nd Apr 98  
Quo Vadis    ,SAT,Glams  ,The EDGE Interactive  ,N/A  ,N/A  ,0.08m,N/A,N/A,0.08m,0.00m,21st Dec 95  
Stella Deus: The Gate of Eternity    ,PS2,Atlus  ,Pinegrow  ,7.3  ,N/A  ,0.08m,0.04m,0.03m,N/A,0.01m,26th Apr 05  
P.T.O. IV: Pacific Theater of Operations    ,PS2,KOEI  ,Koei  ,N/A  ,N/A  ,0.08m,0.04m,0.03m,N/A,0.01m,03rd Feb 03  
Tears to Tiara: Kakan no Daichi    ,PS3,Aquaplus  ,Aquaplus  ,N/A  ,N/A  ,0.08m,N/A,N/A,0.08m,N/A,17th Jul 08  
Culdcept Revolt    ,3DS,NIS America  ,OmiyaSoft  ,7.3  ,N/A  ,0.07m,N/A,N/A,0.07m,N/A,03rd Oct 17  
The Banner Saga Trilogy - Bonus Edition    ,PS4,505 Games  ,Stoic Studio  ,N/A  ,N/A  ,0.07m,0.06m,N/A,N/A,0.01m,27th Jul 18  
Gladius    ,GC,LucasArts  ,LucasArts  ,8.3  ,N/A  ,0.07m,0.06m,0.01m,N/A,0.00m,03rd Nov 03  
Constructor HD    ,XOne,Deep Silver  ,System 3  ,N/A  ,N/A  ,0.07m,0.07m,N/A,N/A,0.01m,11th Jul 17  
Kessen III    ,PS2,KOEI  ,Koei  ,N/A  ,N/A  ,0.07m,0.04m,0.03m,N/A,0.01m,22nd Feb 05  
Super Robot Wars X    ,PSV,Bandai Namco Games  ,Bandai Namco  ,N/A  ,N/A  ,0.07m,N/A,N/A,0.07m,N/A,29th Mar 18  
Wrath Unleashed    ,PS2,LucasArts  ,Double Helix Games  ,N/A  ,N/A  ,0.07m,0.04m,0.03m,N/A,0.01m,10th Feb 04  
Commandos 2: Men of Courage    ,XB,Eidos Interactive  ,Pyro Studios  ,N/A  ,N/A  ,0.07m,0.05m,0.02m,N/A,0.00m,18th Sep 02  
The Lord of the Rings: The Battle for Middle-Earth    ,PC,Electronic Arts  ,EA Los Angeles  ,N/A  ,N/A  ,0.07m,0.01m,0.06m,N/A,0.01m,06th Dec 04  
SD Gundam: Gashapon Wars    ,GC,Bandai  ,Bec  ,N/A  ,N/A  ,0.07m,N/A,N/A,0.07m,0.00m,01st Dec 05  
Romance of the Three Kingdoms XI    ,PS2,KOEI  ,Koei  ,N/A  ,N/A  ,0.07m,N/A,N/A,0.07m,N/A,06th Feb 07  
Elements of Destruction    ,DS,THQ  ,Black Lantern Studios  ,N/A  ,N/A  ,0.07m,0.07m,N/A,N/A,0.01m,17th Dec 07  
Kidou Senshi Gundam: Giren no Yabou - Axis no Kyoui V    ,PS2,Namco Bandai  ,Bec  ,N/A  ,N/A  ,0.07m,N/A,N/A,0.07m,N/A,12th Feb 09  
Kidou Senshi Gundam: Giren no Yabou - Axis no Kyoui V    ,PSP,Namco Bandai  ,Bec  ,N/A  ,N/A  ,0.07m,N/A,N/A,0.07m,N/A,12th Feb 09  
Robocalypse    ,DS,Tecmo  ,Vogster Entertainment  ,N/A  ,N/A  ,0.07m,0.07m,N/A,N/A,0.01m,17th Nov 08  
Romance of the Three Kingdoms IX    ,PS2,KOEI  ,Koei  ,N/A  ,N/A  ,0.07m,0.03m,0.03m,N/A,0.01m,24th Feb 04  
Transformer: Rise of the Dark Spark    ,3DS,Activision  ,Way Forward Technologies  ,N/A  ,N/A  ,0.07m,0.05m,0.02m,N/A,0.01m,24th Jun 14  
Vanguard Bandits    ,PS,Working Designs  ,S-Neo  ,6.4  ,N/A  ,0.07m,0.04m,0.03m,N/A,0.00m,29th Apr 00  
Battlezone: Rise of the Black Dogs    ,N64,Crave Entertainment  ,Climax Group  ,7.3  ,N/A  ,0.07m,0.06m,0.01m,N/A,0.00m,30th Mar 00  
Super Robot Taisen OG Saga: Masou Kishin III - Pride of Justice    ,PS3,Namco Bandai Games  ,Banpresto  ,N/A  ,N/A  ,0.07m,N/A,N/A,0.07m,N/A,22nd Aug 13  
Mobile Suit Gundam: Try Age SP    ,3DS,Namco Bandai Games  ,Bandai Namco Games  ,N/A  ,N/A  ,0.07m,N/A,N/A,0.07m,N/A,17th Jul 14  
Real Time Conflict: Shogun Empires    ,DS,Namco  ,Box Clever Interactive  ,N/A  ,N/A  ,0.07m,0.06m,N/A,N/A,0.01m,21st Nov 05  
San Goku Shi Taisen Ten    ,DS,Sega  ,Sega  ,N/A  ,N/A  ,0.07m,N/A,N/A,0.07m,N/A,07th Aug 08  
Dino Master: Dig Discover Duel    ,DS,Majesco  ,Creative Office  ,2.5  ,N/A  ,0.07m,0.06m,0.00m,N/A,0.00m,25th May 06  
Army Men: RTS    ,GC,Global Star Software  ,Pandemic Studios  ,6.9  ,N/A  ,0.07m,0.05m,0.01m,N/A,0.00m,02nd Nov 04  
Future Tactics: The Uprising    ,PS2,Crave Entertainment  ,Zed Two Limited  ,N/A  ,N/A  ,0.07m,0.03m,0.03m,N/A,0.01m,10th May 04  
Nobunaga no Yabou: Tendou with Power-Up Kit    ,PS3,Tecmo Koei  ,Tecmo Koei Games  ,N/A  ,N/A  ,0.07m,N/A,N/A,0.07m,N/A,26th May 11  
Worms 3D    ,GC,Acclaim Entertainment  ,Team17 Software  ,7.5  ,N/A  ,0.07m,0.05m,0.01m,N/A,0.00m,11th Mar 04  
Worms Forts: Under Siege    ,XB,Sega  ,Team17 Software  ,N/A  ,N/A  ,0.07m,0.05m,0.01m,N/A,0.00m,15th Mar 05  
Full Spectrum Warrior: Ten Hammers    ,PS2,THQ  ,Pandemic Studios  ,5.5  ,N/A  ,0.07m,0.03m,0.02m,N/A,0.01m,28th Mar 06  
Command & Conquer 3: Tiberium Wars    ,PC,Electronic Arts  ,EA Los Angeles  ,N/A  ,N/A  ,0.07m,N/A,0.06m,N/A,0.01m,26th Mar 07  
"Warhammer 40,000: Squad Command    ",DS,THQ  ,RedLynx  ,N/A  ,N/A  ,0.06m,0.05m,0.01m,N/A,0.01m,17th Dec 07  
Ojyousama Express    ,PS,Media Works  ,MediaWorks  ,N/A  ,N/A  ,0.06m,N/A,N/A,0.06m,0.00m,30th Jul 98  
Nobunaga's Ambition: Taishi    ,PS4,Koei Tecmo  ,Koei Tecmo Games  ,N/A  ,N/A  ,0.06m,0.01m,N/A,0.05m,0.00m,05th Jun 18  
Super Robot Wars OG Saga Masou Kishin F: Coffin of the End    ,PS3,Namco Bandai Games  ,WinkySoft  ,N/A  ,N/A  ,0.06m,N/A,N/A,0.06m,N/A,28th Aug 14  
Elite Forces: Unit 77    ,DS,Deep Silver  ,Gammick Entertainment  ,N/A  ,N/A  ,0.06m,0.06m,N/A,N/A,0.00m,28th Apr 09  
Aven Colony    ,XOne,Sold Out  ,Mothership Entertainment  ,N/A  ,N/A  ,0.06m,0.06m,N/A,N/A,0.01m,01st Aug 17  
Age of Empires III: The Asian Dynasties    ,PC,Microsoft Game Studios  ,Big Huge Games  ,N/A  ,N/A  ,0.06m,0.00m,0.05m,N/A,0.01m,23rd Oct 07  
Cities XL 2012    ,PC,Focus Home Interactive  ,Monte Cristo Multimedia  ,6.0  ,N/A  ,0.06m,0.01m,0.05m,N/A,0.01m,20th Oct 11  
Panzer Tactics DS    ,DS,Conspiracy Entertainment  ,Sproing  ,N/A  ,N/A  ,0.06m,0.06m,N/A,N/A,0.00m,07th Nov 07  
Hogs of War / Worms    ,PS,Infogrames  ,Infogrames Sheffield / Team17 Software  ,N/A  ,N/A  ,0.06m,0.03m,0.02m,N/A,0.00m,22nd Nov 02  
Age of Empires Online    ,PC,Microsoft Game Studios  ,Microsoft Game Studios  ,7.0  ,N/A  ,0.06m,0.01m,0.04m,N/A,0.01m,16th Aug 11  
Shining Force Feather    ,DS,Sega  ,Flight-Plan  ,N/A  ,N/A  ,0.06m,N/A,N/A,0.06m,N/A,19th Feb 09  
Star Trek: Tactical Assault    ,DS,Bethesda Softworks  ,"Quicksilver Software, Inc.  ",N/A  ,N/A  ,0.06m,0.05m,0.01m,N/A,0.00m,26th Oct 06  
Nobunaga no Yabou: Souzou    ,PS4,Tecmo Koei  ,Koei Tecmo Games  ,N/A  ,N/A  ,0.06m,N/A,N/A,0.06m,N/A,22nd Feb 14  
Imagine: Resort Owner    ,DS,Ubisoft  ,Ubisoft  ,N/A  ,N/A  ,0.06m,0.05m,0.00m,N/A,0.00m,26th Oct 10  
Worms 3D    ,XB,Sega  ,Team17 Software  ,N/A  ,N/A  ,0.06m,0.04m,0.01m,N/A,0.00m,01st Mar 05  
Emblem of Gundam    ,DS,Namco Bandai  ,Bandai Namco Games  ,N/A  ,N/A  ,0.06m,N/A,N/A,0.06m,N/A,01st May 08  
Cardfight!! Vanguard G: Stride to Victory!!    ,3DS,FuRyu Corporation  ,FuRyu  ,N/A  ,N/A  ,0.06m,N/A,N/A,0.06m,N/A,14th Jan 16  
Zoo Tycoon: Complete Collection    ,PC,Microsoft Game Studios  ,Blue Fang Games  ,N/A  ,6.0  ,0.06m,0.03m,0.02m,N/A,0.01m,11th Aug 03  
Men of War: Assault Squad    ,PC,1C Company  ,Digitalmindsoft  ,8.0  ,N/A  ,0.06m,0.01m,0.04m,N/A,0.01m,25th Feb 11  
Syndicate    ,PC,Electronic Arts  ,Bullfrog Productions  ,N/A  ,N/A  ,0.06m,0.00m,0.05m,N/A,0.01m,01st Jan 93  
Nobunaga's Ambition: Sphere of Influence    ,PSV,Tecmo Koei  ,Koei  ,N/A  ,N/A  ,0.06m,N/A,N/A,0.06m,N/A,29th May 14  
SD Gundam G Generation Wars    ,Wii,Bandai  ,Tom Create  ,N/A  ,N/A  ,0.06m,N/A,N/A,0.06m,N/A,06th Aug 09  
Zoo Tycoon 2    ,PC,Microsoft Game Studios  ,Blue Fang Games  ,7.2  ,N/A  ,0.06m,N/A,0.05m,N/A,0.01m,11th Nov 04  
Age of Mythology: The Titans    ,PC,Microsoft Game Studios  ,Ensemble Studios  ,8.2  ,N/A  ,0.06m,0.03m,0.02m,N/A,0.01m,30th Sep 03  
Aven Colony    ,PS4,Sold Out  ,Mothership Entertainment  ,N/A  ,N/A  ,0.06m,0.04m,0.01m,N/A,0.01m,01st Aug 17  
Nobunaga?s Ambition: Sphere of Influence ? Ascension    ,PSV,Tecmo Koei  ,Koei Tecmo Games  ,N/A  ,N/A  ,0.06m,N/A,N/A,0.06m,N/A,24th Mar 16  
A-Train 6    ,PS2,Midas Interactive Entertainment  ,ArtDink  ,N/A  ,N/A  ,0.06m,N/A,N/A,0.06m,N/A,19th Mar 04  
Grand Ages: Medieval    ,PC,Kalypso Media  ,Gaming Minds Studios  ,N/A  ,N/A  ,0.06m,N/A,0.05m,N/A,0.00m,29th Sep 15  
Yuugen Gaisha Brave Company    ,3DS,Namco Bandai  ,Bandai Namco Games  ,N/A  ,N/A  ,0.06m,N/A,N/A,0.06m,N/A,27th Oct 11  
Amazing Island    ,GC,Sega  ,Hitmaker  ,7.1  ,N/A  ,0.06m,0.04m,0.01m,N/A,0.00m,25th Aug 04  
History Great Empires: Rome    ,DS,Valcon Games  ,Valcon Games  ,N/A  ,N/A  ,0.05m,0.05m,0.00m,N/A,0.00m,12th May 09  
Shining Force III: Scenario 2    ,SAT,Sega  ,Camelot Software Planning  ,N/A  ,N/A  ,0.05m,N/A,N/A,0.05m,0.00m,29th Apr 98  
Worms World Party    ,GBA,Ubisoft  ,Team17 Software  ,N/A  ,N/A  ,0.05m,0.04m,0.01m,N/A,0.00m,29th Oct 02  
Rebelstar: Tactical Command    ,GBA,Namco  ,Codo Games  ,N/A  ,N/A  ,0.05m,0.04m,0.01m,N/A,0.00m,06th Sep 05  
Front Mission 2089: Border of Madness    ,DS,Square Enix  ,High Horse Entertainment  ,N/A  ,N/A  ,0.05m,N/A,N/A,0.05m,N/A,29th May 08  
Defendin' De Penguin    ,Wii,Crave Entertainment  ,Crave Entertainment  ,N/A  ,N/A  ,0.05m,0.05m,0.00m,N/A,0.00m,02nd Sep 08  
Dungeon Keeper 2    ,PC,Electronic Arts  ,Bullfrog Productions  ,N/A  ,N/A  ,0.05m,N/A,0.05m,N/A,0.01m,30th Jun 99  
Pawly Pets: My Vet Practice     ,DS,Ubisoft  ,DTP Entertainment  ,N/A  ,N/A  ,0.05m,N/A,0.05m,N/A,0.00m,02nd Feb 07  
Civilization Beyond Earth: Rising Tide    ,PC,2K Games  ,Firaxis Games  ,N/A  ,N/A  ,0.05m,N/A,0.05m,N/A,0.00m,09th Oct 15  
Stellaris    ,PC,Paradox Interactive   ,Paradox Interactive  ,N/A  ,N/A  ,0.05m,N/A,0.05m,N/A,0.00m,09th May 16  
Nobunaga's Ambition: Sphere of Influence    ,PS4,Tecmo Koei  ,Koei  ,N/A  ,N/A  ,0.05m,0.04m,N/A,N/A,0.01m,01st Sep 15  
Nobunaga?s Ambition: Sphere of Influence ? Ascension    ,PS3,Tecmo Koei  ,Koei Tecmo Games  ,N/A  ,N/A  ,0.05m,N/A,N/A,0.05m,N/A,24th Mar 16  
Worms: WMD    ,PS4,Team17 Digital Ltd  ,Team17 Digital Ltd  ,N/A  ,N/A  ,0.05m,0.02m,0.02m,N/A,0.01m,23rd Aug 16  
The Banner Saga Trilogy - Bonus Edition    ,XOne,505 Games  ,Stoic Studio  ,N/A  ,N/A  ,0.05m,0.05m,N/A,N/A,0.01m,27th Jul 18  
Super Robot Taisen Neo    ,Wii,Namco Bandai  ,Banpresto  ,N/A  ,N/A  ,0.05m,N/A,N/A,0.05m,N/A,29th Oct 09  
SD Gundam: Scad Hammers    ,Wii,Bandai  ,Bec  ,N/A  ,N/A  ,0.05m,N/A,N/A,0.05m,N/A,02nd Dec 06  
GrimGrimoire     ,PS2,NIS America  ,Vanillaware  ,7.7  ,N/A  ,0.05m,0.01m,0.01m,0.03m,0.00m,26th Jun 07  
Yu-Gi-Oh! World Championship 2007    ,DS,Konami  ,Konami  ,N/A  ,N/A  ,0.05m,N/A,0.01m,0.04m,0.00m,20th Mar 07  
Plants vs. Zombies    ,PC,PopCap Games  ,PopCap Games  ,9.0  ,N/A  ,0.05m,N/A,0.04m,N/A,0.00m,05th May 09  
Saiyuki: Journey West    ,PS,KOEI  ,Koei  ,N/A  ,N/A  ,0.05m,0.03m,0.02m,N/A,0.00m,13th Aug 01  
The Lord of the Rings: The Battle for Middle-Earth II    ,X360,Electronic Arts  ,EA Los Angeles  ,8.0  ,N/A  ,0.05m,N/A,0.04m,N/A,0.00m,05th Jul 06  
StarCraft    ,PC,Blizzard Entertainment  ,Blizzard Entertainment  ,8.7  ,N/A  ,0.05m,0.00m,0.04m,N/A,0.01m,01st Apr 98  
Nobunaga's Ambition II    ,3DS,Tecmo Koei  ,Koei  ,N/A  ,N/A  ,0.05m,N/A,N/A,0.05m,N/A,06th Aug 15  
Romance of the Three Kingdoms VI: Awakening of the Dragon    ,PS,KOEI  ,Koei  ,N/A  ,N/A  ,0.05m,0.03m,0.02m,N/A,0.00m,31st Mar 00  
"Warhammer 40,000: Dawn of War    ",PC,THQ  ,Relic  ,8.8  ,N/A  ,0.05m,0.01m,0.04m,N/A,0.00m,20th Sep 04  
SD Gundam G Generation World    ,Wii,Namco Bandai  ,Tom Create  ,N/A  ,N/A  ,0.05m,N/A,N/A,0.05m,N/A,24th Feb 11  
Empire Earth    ,PC,Sierra Entertainment  ,Stainless Steel Studios  ,8.0  ,N/A  ,0.05m,N/A,0.04m,N/A,0.00m,12th Nov 01  
Full Spectrum Warrior: Ten Hammers    ,XB,THQ  ,Pandemic Studios  ,N/A  ,N/A  ,0.05m,0.03m,0.01m,N/A,0.00m,28th Mar 06  
Worms Reloaded    ,PC,Team17 Software  ,Team17 Software  ,8.5  ,N/A  ,0.05m,N/A,0.04m,N/A,0.01m,26th Aug 10  
Wrath Unleashed    ,XB,LucasArts  ,Double Helix Games  ,N/A  ,N/A  ,0.05m,0.03m,0.01m,N/A,0.00m,10th Feb 04  
StarCraft II: Legacy of the Void    ,PC,Blizzard Entertainment  ,Blizzard Entertainment  ,N/A  ,N/A  ,0.05m,N/A,0.04m,N/A,0.00m,10th Nov 15  
Company of Heroes    ,PC,THQ  ,Relic  ,9.4  ,N/A  ,0.04m,N/A,0.04m,N/A,0.00m,13th Sep 06  
Supreme Commander    ,PC,THQ  ,Gas Powered Games  ,8.7  ,N/A  ,0.04m,N/A,0.04m,N/A,0.01m,20th Feb 07  
Front Mission    ,DS,Square Enix  ,Square Enix  ,N/A  ,N/A  ,0.04m,0.01m,N/A,0.03m,0.00m,23rd Oct 07  
Angelique Duet    ,PS,KOEI  ,Koei  ,N/A  ,N/A  ,0.04m,N/A,N/A,0.04m,0.00m,30th Jul 98  
Nobunaga's Ambition (2013)    ,3DS,Tecmo Koei  ,Koei Tecmo Games  ,N/A  ,N/A  ,0.04m,N/A,N/A,0.04m,N/A,19th Sep 13  
Tropico 3    ,PC,Kalypso  ,Haemimont Games  ,8.1  ,N/A  ,0.04m,N/A,0.04m,N/A,0.01m,20th Oct 09  
Total War: Warhammer II    ,PC,Sega  ,Creative Assembly  ,N/A  ,N/A  ,0.04m,N/A,0.04m,N/A,0.00m,28th Sep 17  
Dai Senryaku VII: Modern Military Tactics    ,XB,Kemco  ,SystemSoft  ,N/A  ,N/A  ,0.04m,0.03m,0.01m,N/A,0.00m,16th Feb 05  
The History Channel: Great Battles - Medieval    ,PS3,Unknown  ,Slitherine Software  ,N/A  ,N/A  ,0.04m,N/A,0.04m,N/A,0.01m,N/A  
Thrillville: Off the Rails    ,DS,LucasArts  ,Frontier Developments  ,N/A  ,N/A  ,0.04m,0.03m,0.01m,N/A,0.00m,09th Oct 07  
Praetorians    ,PC,Eidos Interactive  ,Pyro Studios  ,N/A  ,N/A  ,0.04m,N/A,0.04m,N/A,0.00m,10th Mar 03  
Super Robot Taisen OG Infinite Battle    ,PS3,Namco Bandai Games  ,B.B. Studio  ,N/A  ,N/A  ,0.04m,N/A,N/A,0.04m,N/A,28th Nov 13  
Elven Legacy    ,PC,Paradox Interactive   ,1C:Ino-Co  ,N/A  ,N/A  ,0.04m,0.04m,N/A,N/A,0.00m,07th Apr 09  
Farm Frenzy    ,PC,Mumbo Jumbo  ,Melesta  ,N/A  ,N/A  ,0.04m,0.04m,N/A,N/A,0.00m,30th Jan 08  
New Little King's Story    ,PSV,Konami Digital Entertainment  ,Konami  ,N/A  ,N/A  ,0.04m,N/A,N/A,0.04m,N/A,29th Mar 12  
Shattered Union    ,XB,2K Games  ,PopTop Software  ,N/A  ,N/A  ,0.04m,0.03m,0.01m,N/A,0.00m,17th Oct 05  
Black & White    ,PC,Electronic Arts  ,Lionhead Studios  ,9.3  ,N/A  ,0.04m,N/A,0.04m,N/A,0.00m,26th Mar 01  
PD Ultraman Battle Collection 64    ,N64,Bandai  ,Bandai  ,N/A  ,N/A  ,0.04m,N/A,N/A,0.04m,0.00m,16th Jul 99  
Worms Armageddon    ,N64,Infogrames  ,Team17 Software  ,N/A  ,N/A  ,0.04m,0.03m,0.01m,N/A,0.00m,30th Mar 00  
Port Royale 2    ,PC,Ascaron Entertainment  ,Ascaron  ,N/A  ,N/A  ,0.04m,N/A,0.03m,N/A,0.01m,13th Sep 04  
Worms 4: Mayhem    ,XB,Majesco  ,Team17 Software  ,N/A  ,N/A  ,0.04m,0.03m,0.01m,N/A,0.00m,04th Oct 05  
Company of Heroes: Tales of Valor    ,PC,THQ  ,Relic  ,N/A  ,N/A  ,0.04m,N/A,0.03m,N/A,0.01m,07th Apr 09  
Farm Frenzy 3    ,PC,Alawar Entertainment  ,"Alawar Entertainment, Inc.  ",N/A  ,N/A  ,0.04m,N/A,0.03m,N/A,0.01m,21st Jul 09  
Patrician IV    ,PC,Kalypso  ,Gaming Minds Studios  ,6.7  ,N/A  ,0.04m,0.03m,0.00m,N/A,0.00m,14th Sep 10  
Heroes of Might and Magic V    ,PC,Ubisoft  ,Nival Interactive  ,N/A  ,N/A  ,0.04m,N/A,0.03m,N/A,0.00m,24th May 06  
Sacred Blaze    ,PS2,Flight-Plan  ,Flight-Plan  ,N/A  ,N/A  ,0.04m,N/A,N/A,0.04m,N/A,19th Feb 09  
Rise of Nations    ,PC,Microsoft Game Studios  ,Big Huge Games  ,8.8  ,N/A  ,0.04m,0.01m,0.02m,N/A,0.00m,20th May 03  
Men of War: Vietnam    ,PC,1C Company  ,1C Company  ,7.2  ,N/A  ,0.04m,0.00m,0.03m,N/A,0.01m,08th Sep 11  
Imperial Glory    ,PC,Eidos Interactive  ,Pyro Studios  ,N/A  ,N/A  ,0.04m,N/A,0.04m,N/A,0.00m,17th May 05  
Company of Heroes: Opposing Fronts    ,PC,THQ  ,Relic  ,N/A  ,N/A  ,0.04m,0.01m,0.03m,N/A,0.00m,24th Sep 07  
Dungeons 3    ,PS4,Kalypso Media  ,Realmforge Studios  ,N/A  ,N/A  ,0.04m,0.03m,N/A,N/A,0.01m,17th Oct 17  
Syndicate Wars    ,PS,Electronic Arts  ,Bullfrog  ,N/A  ,N/A  ,0.04m,0.02m,0.01m,N/A,0.00m,31st Jul 97  
The Adventures of Darwin     ,PS2,D3 Publisher  ,Vingt-et-un Systems  ,N/A  ,N/A  ,0.04m,0.01m,0.00m,0.03m,0.00m,25th Jun 07  
Worms: Ultimate Mayhem    ,PC,Unknown  ,Team17 Software  ,N/A  ,N/A  ,0.04m,N/A,0.04m,N/A,0.00m,28th Sep 11  
City Builder    ,Wii,Virtual Play Games  ,Collision Studios  ,N/A  ,N/A  ,0.04m,0.04m,N/A,N/A,0.00m,08th Jun 10  
R-Type Command (correct US sales)    ,PSP,Atlus  ,Irem Software Engineering  ,N/A  ,N/A  ,0.04m,0.04m,N/A,N/A,0.00m,06th May 08  
Warhammer: Dark Omen    ,PS,Electronic Arts  ,Games Workshop  ,N/A  ,N/A  ,0.04m,0.02m,0.01m,N/A,0.00m,07th Apr 98  
Mobile Suit Gundam: Mokuba no Kiseki    ,PSP,Namco Bandai Games  ,Bandai Namco Games  ,N/A  ,N/A  ,0.04m,N/A,N/A,0.04m,N/A,26th Jan 12  
SD Gundam G Generation Genesis    ,NS,Bandai Namco Games  ,Bandai Namco  ,N/A  ,N/A  ,0.04m,N/A,N/A,0.04m,N/A,26th Apr 18  
East India Company    ,PC,Paradox Interactive   ,Nitro Games  ,7.4  ,N/A  ,0.04m,0.03m,0.00m,N/A,0.00m,31st Jul 09  
Empire Earth III    ,PC,Sierra Entertainment  ,Mad Doc Software  ,4.8  ,N/A  ,0.04m,N/A,0.03m,N/A,0.00m,06th Nov 07  
"Warhammer 40,000: Dawn of War III    ",PC,Sega  ,Relic Entertainment  ,N/A  ,N/A  ,0.04m,N/A,0.04m,N/A,0.00m,27th Apr 17  
Battle Hunter    ,PS,Agetec  ,Success  ,N/A  ,N/A  ,0.04m,0.02m,0.01m,N/A,0.00m,01st Jun 01  
Romance of the Three Kingdoms II    ,3DS,Tecmo Koei  ,Koei  ,N/A  ,N/A  ,0.04m,N/A,N/A,0.04m,N/A,06th Aug 15  
Taikou Risshiden V    ,PSP,KOEI  ,Koei  ,N/A  ,N/A  ,0.04m,N/A,N/A,0.04m,N/A,17th Sep 09  
Supreme Commander: Forged Alliance    ,PC,THQ  ,Gas Powered Games  ,8.1  ,N/A  ,0.04m,0.01m,0.02m,N/A,0.00m,06th Nov 07  
Chaos Wars    ,PS2,O~3 Entertainment  ,Idea Factory  ,6.8  ,N/A  ,0.04m,N/A,N/A,0.04m,N/A,03rd Jun 08  
Shadow Tactics: Blades of the Shogun    ,PS4,Kalypso Media  ,Mimimi Productions  ,N/A  ,N/A  ,0.04m,0.02m,0.01m,N/A,0.01m,01st Aug 17  
Tears to Tiara Gaiden: Avalon no Nazo    ,PS3,Aquaplus  ,Aquaplus  ,N/A  ,N/A  ,0.04m,N/A,N/A,0.04m,N/A,17th Sep 09  
San Goku Shi DS 3    ,DS,KOEI  ,Koei  ,N/A  ,N/A  ,0.04m,N/A,N/A,0.04m,N/A,18th Feb 10  
Caesar IV    ,PC,Sierra Entertainment  ,Tilted Mill Entertainment  ,N/A  ,N/A  ,0.04m,N/A,0.03m,N/A,0.00m,26th Sep 06  
Super Robot Taisen: Scramble Commander the 2nd    ,PS2,Banpresto  ,Banpresto  ,N/A  ,N/A  ,0.04m,N/A,N/A,0.04m,N/A,01st Nov 07  
FabStyle    ,3DS,Tecmo Koei  ,Tecmo Koei Games  ,N/A  ,N/A  ,0.03m,N/A,N/A,0.03m,N/A,24th Nov 11  
World in Conflict: Complete Edition    ,PC,Ubisoft  ,Massive Entertainment / Swordfish Studios  ,N/A  ,N/A  ,0.03m,N/A,0.03m,N/A,0.00m,17th Mar 09  
Sins of a Solar Empire: Trinity    ,PC,Stardock  ,Ironclad Games  ,N/A  ,N/A  ,0.03m,N/A,0.03m,N/A,0.01m,26th Feb 10  
Hotel Giant 2    ,PC,Nobilis  ,Enlight Software  ,N/A  ,N/A  ,0.03m,N/A,0.03m,N/A,0.00m,27th Jan 10  
8-Bit Armies    ,PS4,Soedesco  ,Petroglyph Games  ,N/A  ,N/A  ,0.03m,0.03m,N/A,N/A,0.01m,21st Sep 18  
Railroad Tycoon 3    ,PC,Gathering of Developers  ,PopTop Software  ,8.8  ,N/A  ,0.03m,N/A,0.03m,N/A,0.00m,28th Oct 03  
World in Conflict    ,PC,Sierra Entertainment  ,Massive Entertainment  ,9.1  ,N/A  ,0.03m,N/A,0.03m,N/A,0.00m,18th Sep 07  
Fritz Chess    ,PS3,Deep Silver  ,Gammick Entertainment  ,N/A  ,N/A  ,0.03m,N/A,0.03m,N/A,0.01m,31st Jul 09  
Trap Gunner: Countdown to Oblivion    ,PS,Atlus  ,Racdym  ,N/A  ,N/A  ,0.03m,0.02m,0.01m,N/A,0.00m,30th Sep 98  
SD Gundam G Generation: Gather Beat 2    ,WS,Bandai  ,Bandai  ,N/A  ,N/A  ,0.03m,N/A,N/A,0.03m,N/A,14th Jun 01  
Rise of Nations: Rise of Legends    ,PC,Microsoft Game Studios  ,Big Huge Games  ,8.3  ,N/A  ,0.03m,N/A,0.03m,N/A,0.01m,09th May 06  
Romance of the Three Kingdoms V    ,3DS,Tecmo Koei  ,Koei Tecmo Games  ,N/A  ,N/A  ,0.03m,N/A,N/A,0.03m,N/A,19th Sep 13  
Makai Senki Disgaea 4: Fuuka & Desco-hen Hajime Mashita    ,PS3,Nippon Ichi Software  ,Nippon Ichi Software  ,N/A  ,N/A  ,0.03m,N/A,N/A,0.03m,N/A,27th Oct 11  
King Arthur II: The Role-playing Wargame    ,PC,Paradox Interactive   ,Neocore Games  ,N/A  ,N/A  ,0.03m,N/A,0.03m,N/A,0.00m,10th Jan 12  
Caesar III    ,PC,Sierra Entertainment  ,Impressions Games  ,N/A  ,N/A  ,0.03m,N/A,0.03m,N/A,0.00m,30th Sep 98  
A Game of Thrones: Genesis    ,PC,Focus Home Interactive  ,Cyanide  ,4.9  ,N/A  ,0.03m,N/A,0.03m,N/A,0.00m,28th Sep 11  
Future Card Buddyfight Mezase! Buddy Champion!    ,3DS,FuRyu Corporation  ,FuRyu  ,N/A  ,N/A  ,0.03m,N/A,N/A,0.03m,N/A,16th Mar 17  
Supreme Ruler: Cold War    ,PC,Paradox Interactive   ,Paradox Interactive  ,N/A  ,N/A  ,0.03m,N/A,0.03m,N/A,0.00m,19th Jul 11  
8-Bit Armies    ,XOne,Soedesco  ,Petroglyph Games  ,N/A  ,N/A  ,0.03m,0.03m,N/A,N/A,0.00m,21st Sep 18  
Suujin Taisen    ,DS,Nintendo  ,Mitchell  ,N/A  ,N/A  ,0.03m,N/A,N/A,0.03m,N/A,07th Jun 07  
Nobunaga no Yabou: Kakushin with Power-Up Kit    ,PS2,KOEI  ,Koei  ,N/A  ,N/A  ,0.03m,N/A,N/A,0.03m,N/A,06th Mar 08  
Super Robot Taisen OG Saga: Masou Kishin III - Pride of Justice    ,PSV,Namco Bandai Games  ,Banpresto  ,N/A  ,N/A  ,0.03m,N/A,N/A,0.03m,N/A,22nd Aug 13  
Dynasty Warriors: Godseekers    ,PS4,Tecmo Koei  ,Omega Force  ,N/A  ,N/A  ,0.03m,N/A,N/A,0.03m,N/A,31st Jan 17  
Majesty 2: The Fantasy Kingdom Sim    ,OSX,Paradox Interactive   ,Ino-Co / 1C Company  ,N/A  ,N/A  ,0.03m,0.03m,N/A,N/A,0.00m,18th Sep 09  
Zoo Tycoon    ,PC,Microsoft  ,Blue Fang Games  ,7.1  ,N/A  ,0.03m,N/A,0.03m,N/A,0.00m,18th Oct 01  
Super Heroine Chronicle    ,PS3,Namco Bandai Games  ,Banpresto  ,N/A  ,N/A  ,0.03m,N/A,N/A,0.03m,N/A,06th Feb 14  
Ojyousama Express    ,SAT,Media Works  ,MediaWorks  ,N/A  ,N/A  ,0.03m,N/A,N/A,0.03m,0.00m,30th Jul 98  
Rome: Total War - Gold Edition    ,PC,Sega  ,The Creative Assembly  ,N/A  ,N/A  ,0.03m,N/A,0.03m,N/A,0.00m,14th Feb 06  
Men of War    ,PC,Aspyr  ,Best Way  ,9.0  ,N/A  ,0.03m,0.01m,0.02m,N/A,0.00m,16th Mar 09  
Nobunaga's Ambition: Sphere of Influence with Power-Up Kit    ,NS,Tecmo Koei  ,Koei  ,N/A  ,N/A  ,0.03m,N/A,N/A,0.03m,N/A,03rd Mar 17  
Combat Mission: Shock Force    ,PC,Paradox Interactive   ,Big Time Software  ,N/A  ,N/A  ,0.03m,N/A,0.03m,N/A,0.00m,22nd Aug 07  
Galaxy Angel II: Mugen Kairou no Kagi    ,PS2,Broccoli  ,Seta Corporation  ,N/A  ,N/A  ,0.03m,N/A,N/A,0.03m,N/A,18th Oct 07  
Konpeki no Kantai    ,SNES,Angel Studios  ,Access  ,N/A  ,N/A  ,0.03m,N/A,N/A,0.03m,N/A,02nd Nov 95  
Nectaris: Military Madness    ,PS,Jaleco  ,Matrix Software  ,N/A  ,N/A  ,0.03m,0.02m,0.01m,N/A,0.00m,31st Dec 98  
Tenka-bito    ,PS2,Sega  ,Shade  ,N/A  ,N/A  ,0.03m,N/A,N/A,0.03m,N/A,02nd Mar 06  
Robin Hood: Defender of the Crown    ,XB,Capcom  ,Atomic Planet Entertainment  ,N/A  ,N/A  ,0.03m,0.02m,0.01m,N/A,0.00m,11th Nov 03  
Master of Monsters: Disciples of Gaia    ,PS,ASCII Entertainment  ,SystemSoft  ,N/A  ,N/A  ,0.03m,0.02m,0.01m,N/A,0.00m,31st Aug 98  
SD Gundam: Gashapon Wars    ,Wii,Namco Bandai  ,Bec  ,N/A  ,N/A  ,0.03m,N/A,N/A,0.03m,N/A,24th Jun 10  
Culdcept    ,PS2,NEC Interchannel   ,OmiyaSoft  ,N/A  ,N/A  ,0.03m,0.01m,0.01m,N/A,0.00m,04th Dec 03  
Homeworld 2    ,PC,Sierra Entertainment  ,Relic  ,8.1  ,N/A  ,0.03m,N/A,0.03m,N/A,0.00m,16th Sep 03  
Codename: Panzers Cold War    ,PC,Atari  ,Stormregion  ,N/A  ,N/A  ,0.03m,N/A,0.03m,N/A,0.00m,10th Mar 09  
Empire Earth II    ,PC,VU Games  ,Mad Doc Software  ,8.0  ,N/A  ,0.03m,N/A,0.03m,N/A,0.00m,26th Apr 05  
Knights of Honor    ,PC,Paradox Interactive   ,Black Sea Studios  ,N/A  ,N/A  ,0.03m,N/A,0.03m,N/A,0.00m,06th Jun 05  
Saihai no Yukue    ,DS,KOEI  ,Omega Force  ,N/A  ,N/A  ,0.03m,N/A,N/A,0.03m,N/A,23rd Oct 08  
Future Tactics: The Uprising    ,XB,Crave Entertainment  ,Zed Two Limited  ,N/A  ,N/A  ,0.03m,0.02m,0.01m,N/A,0.00m,10th May 04  
Sins of a Solar Empire    ,PC,Stardock  ,Ironclad Games  ,8.9  ,N/A  ,0.03m,N/A,0.03m,N/A,0.00m,04th Feb 08  
Galaxy Angel II: Zettairyouiki no Tobira    ,PS2,Broccoli  ,Seta Corporation  ,N/A  ,N/A  ,0.03m,N/A,N/A,0.03m,N/A,22nd Jun 06  
Hyakumanton no Bara Bara    ,PSP,Sony Computer Entertainment  ,Acquire  ,N/A  ,N/A  ,0.03m,N/A,N/A,0.03m,N/A,18th Feb 10  
Nobunaga's Ambition: Tenshouki with Power-Up Kit HD Version    ,PSV,Tecmo Koei  ,Koei Tecmo Games  ,N/A  ,N/A  ,0.03m,N/A,N/A,0.03m,N/A,12th Nov 15  
Commander: Conquest of the Americas    ,PC,Paradox Interactive   ,Nitro Games  ,N/A  ,N/A  ,0.03m,N/A,0.02m,N/A,0.00m,30th Jul 10  
Star Trek: Tactical Assault    ,PSP,Bethesda Softworks  ,"Quicksilver Software, Inc.  ",N/A  ,N/A  ,0.03m,0.02m,0.00m,N/A,0.00m,14th Nov 06  
World of Tanks    ,X360,Wargaming.net  ,Wargaming West  ,N/A  ,N/A  ,0.03m,N/A,0.03m,N/A,0.00m,12th Feb 14  
Nobunaga no Yabou DS 2     ,DS,KOEI  ,Koei  ,N/A  ,N/A  ,0.03m,N/A,N/A,0.03m,N/A,31st Jul 08  
Shin Megami Tensei: Devil Survivor Overclocked    ,3DS,Atlus  ,Career Soft  ,N/A  ,N/A  ,0.03m,N/A,N/A,0.03m,N/A,23rd Aug 11  
Blackguards 2    ,PS4,Kalypso Media  ,Daedalic Entertainment  ,N/A  ,N/A  ,0.03m,0.02m,N/A,N/A,0.01m,12th Sep 17  
Warhammer: Mark of Chaos    ,PC,Namco Bandai  ,Black Hole Entertainment  ,N/A  ,N/A  ,0.03m,N/A,0.02m,N/A,0.00m,14th Nov 06  
Negima!? Dream Tactic Yumemiru Otome Princess     ,PS2,Konami  ,Konami  ,N/A  ,N/A  ,0.03m,N/A,N/A,0.03m,N/A,27th Apr 07  
Dynasty Warriors: Godseekers    ,PSV,Tecmo Koei  ,Omega Force  ,N/A  ,N/A  ,0.03m,N/A,N/A,0.03m,N/A,31st Jan 17  
Cossacks: European Wars    ,PC,Strategy First  ,GSC Game World  ,N/A  ,N/A  ,0.03m,N/A,0.02m,N/A,0.00m,14th Apr 01  
The Settlers II 10th Anniversary    ,PC,Ubisoft  ,Blue Byte  ,N/A  ,N/A  ,0.03m,N/A,0.02m,N/A,0.00m,22nd Sep 06  
Sengoku Efuda Yuugi: Hototogisu Tairan    ,PSP,Irem Software Engineering  ,Irem Software Engineering  ,N/A  ,N/A  ,0.03m,N/A,N/A,0.03m,N/A,09th Sep 10  
The Legend of Korra A New Era Begins    ,3DS,Activision  ,Webfoot Technologies  ,N/A  ,N/A  ,0.03m,0.02m,N/A,N/A,0.00m,28th Oct 14  
Age of Empires III: Gold Edition    ,PC,Microsoft Game Studios  ,Ensemble Studios  ,N/A  ,N/A  ,0.03m,N/A,0.02m,N/A,0.00m,23rd Oct 07  
God Wars The Complete Legend    ,NS,NIS America  ,Kadokawa Games  ,N/A  ,N/A  ,0.03m,0.01m,N/A,0.01m,0.00m,04th Sep 18  
RollerCoaster Tycoon 2: Triple Thrill Pack     ,PC,Atari  ,Frontier Developments  ,N/A  ,N/A  ,0.03m,N/A,0.02m,N/A,0.00m,01st Aug 03  
Star Wars: Empire at War - Forces of Corruption    ,PC,LucasArts  ,Petroglyph Games  ,N/A  ,N/A  ,0.03m,N/A,0.02m,N/A,0.00m,24th Oct 06  
Tank Beat    ,DS,O~3 Entertainment  ,MileStone Inc.  ,N/A  ,N/A  ,0.03m,0.01m,0.01m,N/A,0.00m,01st Jun 07  
Dynasty Warriors: Eiketsuden    ,PS3,Tecmo Koei  ,Omega Force  ,N/A  ,N/A  ,0.02m,N/A,N/A,0.02m,N/A,03rd Aug 16  
Battlestations: Pacific    ,PC,Eidos Interactive  ,Eidos Studios Hungary  ,N/A  ,N/A  ,0.02m,N/A,0.02m,N/A,0.00m,12th May 09  
ParaWorld    ,PC,Aspyr  ,SEK Ost  ,N/A  ,N/A  ,0.02m,N/A,0.02m,N/A,0.00m,27th Sep 06  
Worms: WMD    ,XOne,Team17 Digital Ltd  ,Team17 Digital Ltd  ,N/A  ,N/A  ,0.02m,0.02m,N/A,N/A,0.00m,23rd Aug 16  
Carnage Heart EXA    ,PSP,ArtDink  ,ArtDink  ,N/A  ,N/A  ,0.02m,N/A,N/A,0.02m,N/A,19th Mar 13  
Sheep    ,PS,Empire Interactive  ,Minds-Eye  ,N/A  ,N/A  ,0.02m,0.01m,0.01m,N/A,0.00m,06th Nov 00  
Empire Deluxe    ,PC,New World Computing  ,White Wolf Productions  ,N/A  ,N/A  ,0.02m,0.02m,N/A,N/A,0.00m,01st Jan 93  
Future Tactics: The Uprising    ,GC,Crave Entertainment  ,Zed Two Limited  ,6.8  ,N/A  ,0.02m,0.02m,0.00m,N/A,0.00m,10th May 04  
The Settlers: Rise of an Empire    ,PC,Ubisoft  ,Blue Byte  ,N/A  ,N/A  ,0.02m,0.01m,0.01m,N/A,0.00m,25th Sep 07  
Tropico Reloaded    ,PC,Kalypso  ,Kalypso  ,N/A  ,N/A  ,0.02m,N/A,0.02m,N/A,0.00m,24th Jul 09  
Sudden Strike 4     ,XOne,Kalypso Media  ,Kite Games  ,N/A  ,N/A  ,0.02m,0.02m,N/A,N/A,0.00m,26th Jun 18  
Catan    ,DS,CDV Software Entertainment  ,USM  ,N/A  ,N/A  ,0.02m,N/A,0.02m,N/A,0.00m,28th May 09  
Mage Knight: Destiny's Soldier    ,DS,Namco Bandai  ,Big Blue Bubble Inc.  ,N/A  ,N/A  ,0.02m,0.02m,N/A,N/A,0.00m,26th Sep 06  
Demigod    ,PC,Atari  ,Gas Powered Games  ,7.2  ,N/A  ,0.02m,N/A,0.02m,N/A,0.00m,14th Apr 09  
Stronghold 2 Deluxe    ,PC,2K Games  ,FireFly Studios  ,N/A  ,N/A  ,0.02m,N/A,0.02m,N/A,0.00m,28th Oct 05  
Pharaoh    ,PC,Sierra Entertainment  ,Impressions Games  ,N/A  ,N/A  ,0.02m,N/A,0.02m,N/A,0.00m,31st Oct 99  
Stronghold Crusader Extreme    ,PC,Gamecock  ,FireFly Studios  ,4.3  ,N/A  ,0.02m,N/A,0.02m,N/A,0.00m,02nd Jun 08  
Europa Universalis III Complete     ,PC,Paradox Interactive   ,Paradox Interactive  ,N/A  ,N/A  ,0.02m,N/A,0.02m,N/A,0.00m,28th Oct 08  
Space Hulk Tactics    ,PS4,Focus Home Interactive  ,Cyanide  ,N/A  ,N/A  ,0.02m,0.02m,N/A,N/A,0.00m,09th Oct 18  
Tropico 4: Modern Times    ,PC,Kalypso Media  ,Haemimont Games  ,N/A  ,N/A  ,0.02m,N/A,0.02m,N/A,0.00m,29th Mar 12  
The Settlers IV    ,PC,Blue Byte  ,Blue Byte  ,N/A  ,N/A  ,0.02m,N/A,0.02m,N/A,0.00m,15th Feb 01  
Military History: Commander - Europe at War    ,PSP,Slitherine Software  ,Impressionware SRL  ,N/A  ,N/A  ,0.02m,N/A,0.02m,N/A,0.01m,20th Mar 09  
Galaxy Angel II: Eigou Kaiki no Koku    ,PS2,Broccoli  ,Broccoli  ,N/A  ,N/A  ,0.02m,N/A,N/A,0.02m,N/A,12th Mar 09  
Fritz Chess    ,Wii,Deep Silver  ,Gammick Entertainment  ,N/A  ,N/A  ,0.02m,0.02m,0.01m,N/A,0.00m,28th Jul 09  
Fritz Chess    ,DS,Deep Silver  ,ShanBlue  ,N/A  ,N/A  ,0.02m,0.02m,0.00m,N/A,0.00m,28th Jul 09  
Sid Meier's Civilization Revolution 2+    ,PSV,Take-Two Interactive  ,Unknown  ,N/A  ,N/A  ,0.02m,N/A,N/A,0.02m,N/A,03rd Dec 15  
Tom Clancy's EndWar    ,PC,Ubisoft  ,Ubisoft Shanghai  ,N/A  ,N/A  ,0.02m,N/A,0.02m,N/A,0.00m,24th Feb 09  
X3: Terran War Pack    ,PC,Deep Silver  ,Egosoft  ,N/A  ,N/A  ,0.02m,N/A,0.02m,N/A,0.00m,09th Mar 12  
Sakura Wars 1 & 2    ,PSP,Sega  ,Sega  ,N/A  ,N/A  ,0.02m,N/A,N/A,0.02m,N/A,09th Mar 06  
This Is the Police 2    ,PS4,THQ Nordic  ,Weappy Studio  ,N/A  ,N/A  ,0.02m,0.02m,N/A,N/A,0.00m,25th Sep 18  
Cossacks 3    ,PC,GSC Game World  ,GSC Game World  ,N/A  ,N/A  ,0.02m,N/A,0.02m,N/A,0.00m,20th Sep 16  
 No Heroes Allowed! VR    ,PS4,Sony Interactive Entertainment  ,Acquire  ,N/A  ,N/A  ,0.02m,N/A,N/A,0.02m,N/A,17th Oct 17  
Command & Conquer 3: Deluxe Edition       ,PC,Electronic Arts  ,EA Los Angeles  ,N/A  ,N/A  ,0.02m,N/A,0.02m,N/A,0.00m,26th Sep 08  
Command & Conquer: The First Decade    ,PC,Electronic Arts  ,EA Los Angeles\ Westwood Studios  ,N/A  ,N/A  ,0.02m,0.01m,0.01m,N/A,0.00m,07th Feb 06  
T.A.C. Heroes : Big Red One    ,DS,Storm City Games  ,Storm City Games  ,N/A  ,N/A  ,0.02m,0.02m,N/A,N/A,0.00m,16th Mar 10  
The Lord of the Rings: The Battle for Middle-Earth II    ,PC,Electronic Arts  ,EA Los Angeles  ,8.2  ,N/A  ,0.02m,0.01m,0.01m,N/A,0.00m,02nd Mar 06  
Homeworld    ,PC,Sierra Entertainment  ,Relic  ,9.1  ,N/A  ,0.02m,N/A,0.02m,N/A,0.00m,12th May 99  
ArmaGallant: Decks of Destiny    ,PS4,Maximum Games  ,RockNanoGlobal  ,N/A  ,N/A  ,0.02m,0.02m,N/A,N/A,0.00m,04th Apr 17  
Order of War    ,PC,Square Enix  ,Wargaming.net  ,N/A  ,N/A  ,0.02m,0.00m,0.01m,N/A,0.00m,22nd Sep 09  
Sudden Strike 4    ,PC,Kalypso Media  ,Kite Games  ,N/A  ,N/A  ,0.02m,0.01m,0.01m,N/A,0.00m,15th Aug 17  
Oil Rush    ,PC,Unknown  ,Unigine Corp  ,N/A  ,N/A  ,0.02m,N/A,0.02m,N/A,0.00m,25th Jan 12  
Chuugen no Hasha: Sangoku Shouseiden     ,PSP,Namco  ,Namco  ,N/A  ,N/A  ,0.02m,N/A,N/A,0.02m,N/A,09th Feb 06  
Stormrise    ,PC,Sega  ,The Creative Assembly  ,N/A  ,N/A  ,0.02m,N/A,0.02m,N/A,0.00m,24th Mar 09  
Armello    ,PS4,League of Geeks  ,League of Geeks  ,N/A  ,N/A  ,0.02m,0.02m,N/A,N/A,0.00m,13th Mar 18  
Worms    ,PSN,Sony Computer Entertainment  ,Team17 Software  ,N/A  ,N/A  ,0.02m,N/A,0.02m,N/A,0.00m,26th Mar 09  
Maximum Capacity: Hotel Giant    ,PC,JoWood Productions  ,Enlight Software Ltd.  ,N/A  ,N/A  ,0.02m,N/A,0.02m,N/A,0.00m,24th Jun 02  
This Is the Police 2    ,XOne,THQ Nordic  ,Weappy Studio  ,N/A  ,N/A  ,0.02m,0.02m,N/A,N/A,0.00m,25th Sep 18  
Defendin' De Penguin    ,DS,Crave Entertainment  ,Crave Entertainment  ,N/A  ,N/A  ,0.02m,0.02m,N/A,N/A,0.00m,02nd Sep 08  
War Leaders: Clash of Nations    ,PC,CDV Software Entertainment  ,Enigma Software Productions  ,N/A  ,N/A  ,0.02m,N/A,0.02m,N/A,0.00m,27th Feb 09  
Virtual Kasparov    ,GBA,Titus  ,Titus Software  ,N/A  ,N/A  ,0.02m,0.01m,0.01m,N/A,0.00m,31st Mar 02  
UFO: Trilogy    ,PC,Unknown  ,Altar Interactive  ,N/A  ,N/A  ,0.02m,N/A,0.02m,N/A,0.00m,24th Aug 07  
Yu-Gi-Oh! GX: The Beginning of Destiny (JP sales)    ,PS2,Konami  ,Konami  ,N/A  ,N/A  ,0.02m,N/A,N/A,0.02m,N/A,08th Jan 08  
Trapped Dead    ,PC,Meridian4  ,Headup Games / Crenetic  ,4.0  ,N/A  ,0.02m,N/A,0.02m,N/A,0.00m,25th Feb 11  
Space Hulk Tactics    ,XOne,Focus Home Interactive  ,Cyanide  ,N/A  ,N/A  ,0.02m,0.02m,N/A,N/A,0.00m,09th Oct 18  
WorldShift    ,PC,Playlogic Game Factory  ,Black Sea Studios  ,N/A  ,N/A  ,0.02m,0.02m,N/A,N/A,0.00m,10th Nov 09  
Tycoon City: New York    ,PC,Atari  ,Deep Red  ,6.2  ,N/A  ,0.02m,N/A,0.02m,N/A,0.00m,21st Feb 06  
Halo Wars 2    ,PC,THQ Nordic  ,Creative Assembly  ,N/A  ,N/A  ,0.02m,N/A,0.02m,N/A,0.00m,21st Feb 17  
"Warhammer 40,000: Dawn of War: Soulstorm    ",PC,THQ  ,Iron Lore Entertainment  ,6.9  ,N/A  ,0.02m,N/A,0.02m,N/A,0.00m,04th Mar 08  
Dungeons 3    ,XOne,Kalypso Media  ,Realmforge Studios  ,N/A  ,N/A  ,0.02m,0.02m,N/A,N/A,0.00m,17th Oct 17  
Seinaru Kana: Orichalcum no Na no Motoni    ,PSP,CyberFront  ,Xuse  ,N/A  ,N/A  ,0.02m,N/A,N/A,0.02m,N/A,19th Apr 12  
Nobunaga no Yabou: Soutensoku with Power-Up Kit    ,PSP,Tecmo Koei  ,Tecmo Koei Games  ,N/A  ,N/A  ,0.02m,N/A,N/A,0.02m,N/A,04th Aug 11  
Commandos 3: Destination Berlin    ,PC,Eidos Interactive  ,Pyro Studios  ,N/A  ,N/A  ,0.02m,N/A,0.02m,N/A,0.00m,14th Oct 03  
Machi-ing Maker 4    ,PS3,D3 Publisher  ,D3  ,N/A  ,N/A  ,0.02m,N/A,N/A,0.02m,N/A,23rd Nov 11  
Worms    ,XBL,Microsoft  ,Team17 Software  ,N/A  ,N/A  ,0.02m,N/A,0.02m,N/A,0.00m,07th Mar 07  
Blackguards 2    ,XOne,Kalypso Media  ,Daedalic Entertainment  ,N/A  ,N/A  ,0.02m,0.02m,N/A,N/A,0.00m,19th Sep 17  
Ultraman All-Star Chronicle    ,PSP,Namco Bandai Games  ,Bandai Namco Games  ,N/A  ,N/A  ,0.02m,N/A,N/A,0.02m,N/A,07th Mar 13  
Dungeons - The Dark Lord    ,PC,Kalypso  ,Kalypso  ,N/A  ,N/A  ,0.02m,0.00m,0.01m,N/A,0.00m,27th Sep 11  
Goblin Commander: Unleash the Horde    ,GC,Jaleco  ,Jaleco Entertainment  ,7.4  ,N/A  ,0.02m,0.01m,0.00m,N/A,0.00m,16th Dec 03  
Strike Witches: Shirogane no Tsubasa    ,X360,CyberFront  ,CyberFront  ,N/A  ,N/A  ,0.02m,N/A,N/A,0.02m,N/A,29th Jul 10  
Command & Conquer 3: Kane's Wrath    ,PC,Electronic Arts  ,EA Los Angeles  ,N/A  ,N/A  ,0.02m,N/A,0.02m,N/A,0.00m,24th Mar 08  
Command & Conquer Collection    ,PC,Electronic Arts  ,EA Los Angeles  ,N/A  ,N/A  ,0.02m,0.01m,0.00m,N/A,0.00m,31st Oct 03  
Elven Legacy Collection    ,PC,Paradox Interactive   ,1C:Ino-Co  ,N/A  ,N/A  ,0.02m,N/A,0.01m,N/A,0.00m,09th Jul 10  
Disciples III: Renaissance    ,PC,Kalypso  ,Akella  ,N/A  ,N/A  ,0.02m,N/A,0.01m,N/A,0.00m,13th Jul 10  
Total War Attila: Tyrants & Kings    ,PC,Koch Media  ,Creative Assembly  ,N/A  ,N/A  ,0.02m,N/A,0.02m,N/A,0.00m,18th Mar 16  
San Goku Shi DS 2    ,DS,KOEI  ,Koei  ,N/A  ,N/A  ,0.02m,N/A,N/A,0.02m,N/A,01st Nov 07  
Majesty 2: The Fantasy Kingdom Sim    ,PC,Paradox Interactive   ,Ino-Co / 1C Company  ,N/A  ,N/A  ,0.02m,0.01m,N/A,N/A,0.00m,15th Sep 09  
Worms World Party    ,PC,Titus  ,Team17 Software  ,N/A  ,N/A  ,0.02m,N/A,0.01m,N/A,0.00m,16th Jun 01  
Stronghold Legends    ,PC,2K Games  ,FireFly Studios  ,N/A  ,N/A  ,0.02m,N/A,0.01m,N/A,0.00m,23rd Oct 06  
Romance of the Three Kingdoms XII    ,WiiU,Tecmo Koei  ,Tecmo Koei Games  ,N/A  ,N/A  ,0.02m,N/A,N/A,0.02m,N/A,13th Dec 12  
Future Card Buddyfight: Tanjou! Oretachi no Saikyou Body!    ,3DS,FuRyu Corporation  ,FuRyu  ,N/A  ,N/A  ,0.02m,N/A,N/A,0.02m,N/A,15th Mar 18  
Tennis no Oji-Sama: Card Hunter    ,PS2,Konami  ,WinkySoft  ,N/A  ,N/A  ,0.02m,N/A,N/A,0.02m,N/A,22nd Feb 07  
Achtung Panzer: Kharkov 1943    ,PC,Paradox Interactive   ,Paradox Interactive  ,N/A  ,N/A  ,0.02m,N/A,0.01m,N/A,0.00m,25th Feb 10  
RollerCoaster Tycoon: Gold Edition    ,PC,Infogrames  ,Infogrames  ,N/A  ,N/A  ,0.02m,0.01m,N/A,N/A,0.00m,30th May 02  
Lock's Quest    ,XOne,THQ Nordic  ,5TH Cell  ,N/A  ,N/A  ,0.02m,0.01m,N/A,N/A,0.00m,30th May 17  
Majesty 2 Collection    ,PC,Paradox Interactive   ,1C:Ino-Co  ,N/A  ,N/A  ,0.02m,N/A,0.01m,N/A,0.00m,19th Apr 11  
Tokyo Tattoo Girls    ,PSV,NIS America  ,Sushi Typhoon Games  ,N/A  ,N/A  ,0.02m,0.01m,N/A,N/A,0.00m,14th Nov 17  
Drone Tactics    ,DS,Atlus  ,Success  ,N/A  ,N/A  ,0.02m,0.01m,N/A,N/A,0.00m,12th May 08  
Military History: Commander - Europe at War    ,DS,Slitherine Software  ,Impressionware SRL  ,N/A  ,N/A  ,0.01m,N/A,0.01m,N/A,0.00m,20th Mar 09  
Evil Genius    ,PC,VU Games  ,Elixir Studios  ,N/A  ,N/A  ,0.01m,N/A,0.01m,N/A,0.00m,28th Sep 04  
Impossible Creatures    ,PC,Microsoft Game Studios  ,Relic  ,N/A  ,8.0  ,0.01m,N/A,0.01m,N/A,0.00m,29th Dec 02  
Imperium Romanum    ,PC,SouthPeak Interactive  ,Haemimont Games  ,N/A  ,N/A  ,0.01m,N/A,0.01m,N/A,0.00m,11th Mar 08  
Nobunaga no Yabou DS    ,DS,KOEI  ,Koei  ,N/A  ,N/A  ,0.01m,N/A,N/A,0.01m,N/A,27th Apr 06  
Command & Conquer 4: Tiberian Twilight    ,PC,Electronic Arts  ,EA Los Angeles  ,6.6  ,N/A  ,0.01m,N/A,0.01m,N/A,0.00m,16th Mar 10  
Nobunaga's Ambition: Taishi    ,NS,Koei Tecmo  ,Koei Tecmo Games  ,N/A  ,N/A  ,0.01m,N/A,N/A,0.01m,N/A,30th Nov 17  
Super Robot Taisen XO    ,X360,Banpresto  ,Banpresto  ,N/A  ,N/A  ,0.01m,N/A,N/A,0.01m,N/A,30th Nov 06  
Theatre Of War    ,PC,CDV Software Entertainment  ,Battlefront  ,N/A  ,N/A  ,0.01m,N/A,0.01m,N/A,0.00m,19th May 08  
Sengoku    ,PC,Paradox Interactive   ,Paradox Interactive  ,N/A  ,N/A  ,0.01m,N/A,0.01m,N/A,0.00m,13th Sep 11  
Codename: Panzers Phase Two    ,PC,CDV Software Entertainment  ,Stormregion  ,N/A  ,N/A  ,0.01m,N/A,0.01m,N/A,0.00m,25th Jul 05  
Hakoniwa Company Works    ,PS4,Nippon Ichi Software  ,Nippon Ichi Software  ,N/A  ,N/A  ,0.01m,N/A,N/A,0.01m,N/A,13th Jul 17  
Blitzkrieg 2 Anthology    ,PC,Ascaron Entertainment  ,Nival Interactive  ,N/A  ,N/A  ,0.01m,N/A,0.01m,N/A,0.00m,22nd Feb 08  
Shadow Tactics: Blades of the Shogun    ,XOne,Kalypso Media  ,Mimimi Productions  ,N/A  ,N/A  ,0.01m,0.01m,N/A,N/A,0.00m,01st Aug 17  
Mercenaries Saga Chronicles    ,NS,PM Studios  ,"Rideon Japan, Inc.  ",N/A  ,N/A  ,0.01m,0.01m,N/A,N/A,0.00m,11th Sep 18  
Tactics Layer: Ritina Guard Senki    ,DS,D3 Publisher  ,Ninja Studio  ,N/A  ,N/A  ,0.01m,N/A,N/A,0.01m,N/A,28th May 09  
Homeworld Remastered Collection    ,PC,Gearbox Software  ,Gearbox Software  ,N/A  ,N/A  ,0.01m,N/A,0.01m,N/A,0.00m,25th Feb 15  
Simple 2000 Series Vol. 120: The Saigo no Nippon Tsuwamono     ,PS2,D3 Publisher  ,Tamsoft  ,N/A  ,N/A  ,0.01m,N/A,N/A,0.01m,N/A,30th Aug 07  
Battle Worlds: Kronos    ,PC,KING Art Games  ,KING Art Games  ,N/A  ,N/A  ,0.01m,N/A,0.01m,N/A,0.00m,04th Nov 13  
Builder's Block    ,PS,Jaleco  ,Taito Corporation  ,N/A  ,N/A  ,0.01m,0.01m,0.00m,N/A,0.00m,12th Jul 00  
BattleForge    ,PC,Electronic Arts  ,EA Phenomic  ,N/A  ,N/A  ,0.01m,N/A,0.01m,N/A,0.00m,24th Mar 09  
Battle Worlds: Kronos    ,PS4,Nordic Games  ,KING Art Games  ,N/A  ,N/A  ,0.01m,0.01m,N/A,N/A,0.00m,10th May 16  
This Is the Police 2    ,NS,THQ Nordic  ,Weappy Studio  ,N/A  ,N/A  ,0.01m,0.01m,N/A,N/A,0.00m,25th Sep 18  
Sengoku Hime 2 Arashi: Hyakubana Senran Tatsukaze no Gotoku    ,PSP,System Soft  ,System Soft  ,N/A  ,N/A  ,0.01m,N/A,N/A,0.01m,N/A,02nd Dec 10  
Total War Saga: Thrones of Britannia    ,PC,Sega  ,Creative Assembly  ,N/A  ,N/A  ,0.01m,N/A,0.01m,N/A,0.00m,03rd May 18  
Musou Tourou    ,PSP,Nippon Ichi Software  ,FOG (Full On Games)  ,N/A  ,N/A  ,0.01m,N/A,N/A,0.01m,N/A,19th Mar 09  
Act of Aggression    ,PC,Focus Home Interactive  ,Eugen Systems  ,N/A  ,N/A  ,0.01m,N/A,0.01m,N/A,0.00m,02nd Sep 15  
Meru Purana    ,PS,Gust  ,Gust  ,N/A  ,N/A  ,0.01m,N/A,N/A,0.01m,0.00m,21st Jun 96  
Akatsuki no Amaneka to Aoi Kyojin    ,PSP,CyberFront  ,Kogado Software Products  ,N/A  ,N/A  ,0.01m,N/A,N/A,0.01m,N/A,11th Mar 10  
Codename: Panzers Complete Collection    ,PC,Nordic Games  ,Stormregion  ,N/A  ,N/A  ,0.01m,N/A,0.01m,N/A,0.00m,29th Feb 16  
Battlestations: Midway    ,PC,Eidos Interactive  ,Eidos Hungary  ,7.7  ,N/A  ,0.01m,N/A,0.01m,N/A,0.00m,30th Jan 07  
Space Hulk    ,PSV,Funbox Media  ,Electronic Arts  ,N/A  ,N/A  ,0.01m,N/A,0.01m,N/A,0.00m,23rd Oct 15  
Battle Garegga Rev.2016    ,PS4,M2  ,Arc System Works  ,N/A  ,N/A  ,0.01m,N/A,N/A,0.01m,N/A,15th Dec 16  
Tropico 3: Gold Edition    ,PC,Kalypso  ,Haemimont Games  ,N/A  ,N/A  ,0.01m,N/A,0.01m,N/A,0.00m,01st Oct 10  
The Eye of Judgment: Legends    ,PSP,Sony Computer Entertainment  ,SCE Japan Studio  ,N/A  ,N/A  ,0.01m,N/A,0.00m,0.01m,0.00m,10th Mar 10  
Ishin no Arashi: Shippuu Ryuumeden    ,DS,Tecmo Koei  ,Tecmo Koei Games  ,N/A  ,N/A  ,0.01m,N/A,N/A,0.01m,N/A,18th Nov 10  
Shutsugeki! Otometachi no Senjou 2: Ikusabana no Kizuna    ,PSP,System Soft  ,System Soft  ,N/A  ,N/A  ,0.01m,N/A,N/A,0.01m,N/A,30th Jun 11  
King's Bounty: Armored Princess    ,PC,1C Company  ,Katauri Interactive  ,N/A  ,N/A  ,0.01m,N/A,0.01m,N/A,0.00m,20th Nov 09  
Palais de Reine    ,PS2,Interchannel-Holon    ,Kogado Studio  ,N/A  ,N/A  ,0.01m,N/A,N/A,0.01m,N/A,18th Oct 07  
Hospital Tycoon    ,PC,Codemasters  ,Big Red Software  ,4.0  ,N/A  ,0.01m,N/A,0.01m,N/A,0.00m,05th Jun 07  
End of Nations    ,PC,Trion Worlds  ,Petroglyph Games  ,N/A  ,N/A  ,0.01m,0.01m,N/A,N/A,0.00m,12th Jun 12  
Worms 2    ,PC,Microprose  ,Team17 Software  ,N/A  ,N/A  ,0.01m,N/A,0.01m,N/A,0.00m,31st Dec 97  
Battle Worlds: Kronos    ,XOne,Nordic Games  ,KING Art Games  ,N/A  ,N/A  ,0.01m,0.01m,N/A,N/A,0.00m,10th May 16  
STORM: Frontline Nation    ,PC,Viva Media  ,Colossai Studio  ,7.0  ,N/A  ,0.01m,N/A,0.01m,N/A,0.00m,28th Jun 11  
Offshore Tycoon    ,Wii,Valcon Games  ,Cyber Planet  ,N/A  ,N/A  ,0.01m,0.01m,N/A,N/A,0.00m,31st Mar 09  
Jagged Alliance: Rage!    ,PS4,THQ Nordic  ,Cliffhanger Productions  ,N/A  ,N/A  ,0.01m,0.01m,N/A,N/A,0.00m,07th Dec 18  
Spore Galactic Adventures    ,PC,Electronic Arts  ,Electronic Arts  ,N/A  ,N/A  ,0.01m,N/A,0.01m,N/A,0.00m,23rd Jun 09  
Daisenryaku: Dai Toua Kouboushi - Tora Tora Tora Ware Kishuu Ni Seikou Seri    ,PS2,System Soft  ,System Soft  ,N/A  ,N/A  ,0.01m,N/A,N/A,0.01m,N/A,25th Sep 08  
Emperor: Rise of the Middle Kingdom    ,PC,Sierra Entertainment  ,BreakAway Games  ,N/A  ,N/A  ,0.01m,N/A,0.01m,N/A,0.00m,09th Sep 02  
Zoo Tycoon 2: Extinct Animals    ,PC,Microsoft Game Studios  ,Blue Fang Games  ,7.6  ,N/A  ,0.01m,0.01m,0.00m,N/A,0.00m,16th Oct 07  
UFO: Extraterrestrials    ,PC,Tri Synergy  ,Chaos Concept  ,N/A  ,N/A  ,0.01m,N/A,0.01m,N/A,0.00m,30th May 07  
Defenders of Ardania    ,PC,Paradox Interactive   ,Most Wanted Entertainment  ,N/A  ,N/A  ,0.01m,N/A,0.01m,N/A,0.00m,01st Jan 70  
Steel Horizon    ,DS,Konami  ,Climax Group  ,N/A  ,N/A  ,0.01m,0.01m,N/A,N/A,0.00m,20th Mar 07  
Dawn of Fantasy    ,PC,505 Games  ,Reverie World Studios Inc.  ,N/A  ,N/A  ,0.01m,0.01m,N/A,N/A,0.00m,03rd Jun 11  
Lock's Quest    ,PS4,THQ Nordic  ,5TH Cell  ,N/A  ,N/A  ,0.01m,0.01m,N/A,N/A,0.00m,30th May 17  
Heroes of the Storm    ,PC,Blizzard Entertainment  ,Blizzard Entertainment  ,N/A  ,N/A  ,0.01m,0.01m,0.00m,N/A,0.00m,01st Jan 14  
Sid Meier's Civilization V: Game of the Year Edition    ,PC,2K Games  ,Firaxis Games  ,N/A  ,N/A  ,0.01m,N/A,0.01m,N/A,0.00m,26th Sep 11  
Victorian Mysteries: Woman in White    ,PC,eGames  ,Freeze Tag  ,N/A  ,N/A  ,0.01m,N/A,0.01m,N/A,0.00m,17th Dec 10  
Command & Conquer: Generals    ,PC,Electronic Arts  ,EA Pacific  ,8.6  ,N/A  ,0.01m,0.01m,0.00m,N/A,0.00m,10th Feb 03  
Akatsuki no Amaneka to Aoi Kyojin    ,X360,CyberFront  ,Kogado Software Products  ,N/A  ,N/A  ,0.01m,N/A,N/A,0.01m,N/A,11th Mar 10  
Rome: Total War Anthology    ,PC,Sega  ,The Creative Assembly  ,N/A  ,N/A  ,0.01m,N/A,0.01m,N/A,0.00m,20th Jun 08  
Pride of Nations    ,PC,Paradox Interactive   ,AGEOD  ,N/A  ,N/A  ,0.01m,N/A,0.01m,N/A,0.00m,07th Jun 11  
MetropolisMania 2    ,PS2,Natsume  ,Indi Software  ,4.3  ,N/A  ,0.01m,0.00m,0.00m,N/A,0.00m,28th Aug 07  
D-Day    ,PC,O3 Entertainment  ,Digital Reality  ,N/A  ,N/A  ,0.01m,N/A,0.01m,N/A,0.00m,07th Dec 04  
Galactic Civilizations III    ,PC,Stardock  ,Stardock  ,N/A  ,N/A  ,0.01m,N/A,0.01m,N/A,0.00m,14th May 15  
Jagged Alliance: Rage!    ,XOne,THQ Nordic  ,Cliffhanger Productions  ,N/A  ,N/A  ,0.01m,0.01m,N/A,N/A,0.00m,07th Dec 18  
Age of Mythology: Gold Edition    ,PC,Microsoft Game Studios  ,Ensemble Studios  ,N/A  ,N/A  ,0.01m,N/A,0.01m,N/A,0.00m,10th Sep 04  
R-Type Tactics II: Operation Bitter Chocolate    ,PSP,Irem Software Engineering  ,Irem Software Engineering  ,N/A  ,N/A  ,0.01m,N/A,N/A,0.01m,N/A,10th Dec 09  
Valhalla Hills: Definitive Edition    ,PS4,Kalypso Media  ,Daedalic Entertainment  ,N/A  ,N/A  ,0.01m,0.01m,N/A,N/A,0.00m,25th Apr 17  
Black & White 2: Battle of the Gods    ,PC,Electronic Arts  ,Lionhead Studios  ,N/A  ,N/A  ,0.01m,0.01m,N/A,N/A,0.00m,25th Apr 06  
Shogun: Total War    ,PC,Electronic Arts  ,The Creative Assembly  ,8.8  ,N/A  ,0.01m,0.00m,0.01m,N/A,0.00m,13th Jun 00  
King Arthur Collection    ,PC,Paradox Interactive   ,NeoCoreGames  ,N/A  ,N/A  ,0.01m,N/A,0.01m,N/A,0.00m,24th May 11  
Sword of the Stars: Complete Collection    ,PC,Paradox Interactive   ,Kerberos Productions  ,N/A  ,N/A  ,0.01m,N/A,0.01m,N/A,0.00m,28th May 10  
"Koori no Bohyou: Ichiryuuwa, 3-dome no Junan    ",PSP,Nippon Ichi Software  ,Nippon Ichi Software  ,N/A  ,N/A  ,0.01m,N/A,N/A,0.01m,N/A,25th Feb 10  
Lionheart: Kings' Crusade    ,PC,Paradox Interactive   ,Neocore Games  ,6.3  ,N/A  ,0.01m,N/A,0.01m,N/A,0.00m,08th Oct 10  
Jagged Alliance 2    ,PC,TalonSoft  ,SirTech  ,N/A  ,N/A  ,0.01m,N/A,0.01m,N/A,0.00m,30th Jun 99  
Kidou Senshi Gundam Vol.3 -A Baoa Qu-    ,WS,Bandai  ,Bandai  ,N/A  ,N/A  ,0.01m,N/A,N/A,0.01m,0.00m,25th May 02  
Total War Collection    ,PC,Sega  ,The Creative Assembly  ,N/A  ,N/A  ,0.01m,N/A,0.01m,N/A,0.00m,27th Apr 12  
Disciples III: Resurrection    ,PC,Kalypso  ,Akella  ,N/A  ,N/A  ,0.01m,0.01m,0.00m,N/A,0.00m,07th Oct 11  
Warhammer: Mark of Chaos - Battle March    ,PC,Namco Bandai  ,Black Hole Entertainment  ,N/A  ,N/A  ,0.01m,N/A,0.01m,N/A,0.00m,02nd Sep 08  
Age of Empires    ,PC,Microsoft  ,Ensemble Studios  ,N/A  ,N/A  ,0.01m,0.01m,N/A,N/A,0.00m,30th Sep 97  
Universe at War: Earth Assault    ,PC,Sega  ,Petroglyph Games  ,N/A  ,N/A  ,0.01m,0.00m,0.00m,N/A,0.00m,10th Dec 07  
"Sengoku Hime 2 Honoo: Hyakubana, Senran Tatsukaze no Gotoku    ",PS2,System Soft  ,System Soft  ,N/A  ,N/A  ,0.01m,N/A,N/A,0.01m,N/A,02nd Dec 10  
Europa Universalis III    ,PC,Paradox Interactive   ,Paradox Interactive  ,N/A  ,N/A  ,0.01m,N/A,0.01m,N/A,0.00m,23rd Jan 07  
Steel Horizon    ,PSP,Konami  ,Climax Group  ,N/A  ,N/A  ,0.01m,0.01m,N/A,N/A,0.00m,02nd Jul 07  
Greed Corp    ,PC,W!Games  ,W!Games  ,N/A  ,N/A  ,0.01m,N/A,0.00m,N/A,0.00m,10th Dec 10  
Medieval: Total War Gold Edition    ,PC,Sega  ,The Creative Assembly  ,N/A  ,N/A  ,0.01m,N/A,0.01m,N/A,0.00m,14th Feb 06  
BC Kings    ,PC,Strategy First  ,Mascot Entertainment  ,N/A  ,N/A  ,0.01m,N/A,0.00m,N/A,0.00m,15th Sep 08  
Valhalla Hills: Definitive Edition    ,XOne,Kalypso Media  ,Daedalic Entertainment  ,N/A  ,N/A  ,0.00m,0.00m,N/A,N/A,0.00m,25th Apr 17  
Stronghold Crusader 2    ,PC,FireFly Studios  ,FireFly Studios  ,N/A  ,N/A  ,0.00m,N/A,0.00m,N/A,0.00m,23rd Sep 14  
CivCity: Rome    ,PC,2K Games  ,FireFly Studios / Firaxis Games  ,N/A  ,N/A  ,0.00m,N/A,0.00m,N/A,0.00m,24th Jul 06  
Zoo Tycoon 2: Zookeeper Collection    ,PC,Microsoft Game Studios  ,Blue Fang Games  ,N/A  ,N/A  ,0.00m,0.00m,N/A,N/A,0.00m,01st Oct 06  
Machi-ing Maker 4    ,X360,D3 Publisher  ,D3  ,N/A  ,N/A  ,0.00m,N/A,N/A,0.00m,N/A,23rd Nov 11  
Diplomacy    ,PC,Paradox Interactive   ,Paradox Interactive  ,N/A  ,N/A  ,0.00m,N/A,0.00m,N/A,0.00m,04th Oct 05  
Battlefleet Gothic: Armada    ,PC,Koch Media  ,Tindalos Interactive  ,N/A  ,N/A  ,0.00m,N/A,0.00m,N/A,0.00m,21st Apr 16  
Spore Creepy & Cute Parts Pack    ,PC,Electronic Arts  ,Maxis  ,N/A  ,N/A  ,0.00m,0.00m,N/A,N/A,0.00m,17th Nov 08  
Battle of Sunrise    ,PS2,Sunrise Interactive  ,Sunrise Interactive  ,N/A  ,N/A  ,0.00m,N/A,N/A,0.00m,N/A,10th Apr 08  
Zoids Assault (JP sales)    ,X360,Atlus  ,Atlus  ,N/A  ,N/A  ,0.00m,N/A,N/A,0.00m,N/A,16th Sep 08  
Chessmaster 10th Edition    ,PC,Ubisoft  ,Ubisoft  ,N/A  ,N/A  ,0.00m,N/A,0.00m,N/A,0.00m,20th Aug 04  
Koutetsu no Kishi 2: Sabaku no Rommel Shougun    ,SNES,Asmik Ace Entertainment  ,Dual  ,N/A  ,N/A  ,0.00m,N/A,N/A,0.00m,0.00m,28th Jan 94  
Chris Sawyer's Locomotion    ,PC,Atari  ,Chris Sawyer  ,N/A  ,N/A  ,0.00m,N/A,0.00m,N/A,0.00m,09th Sep 04  
Jagged Alliance    ,PC,Interplay  ,Madlab Software  ,N/A  ,N/A  ,0.00m,N/A,0.00m,N/A,0.00m,02nd Jun 94  
Men of War: Red Tide    ,PC,Aspyr  ,1C Company  ,N/A  ,N/A  ,0.00m,N/A,0.00m,N/A,0.00m,02nd Nov 09  
Age of Empires Gold Edition    ,PC,Microsoft  ,Ensemble Studios  ,N/A  ,N/A  ,0.00m,N/A,0.00m,N/A,0.00m,24th Aug 99  
Faces of War    ,PC,Ubisoft  ,Best Way  ,N/A  ,N/A  ,0.00m,N/A,0.00m,N/A,0.00m,12th Sep 06  
Zoo Tycoon 2: African Adventure    ,PC,Microsoft Game Studios  ,Blue Fang Games  ,4.0  ,N/A  ,0.00m,0.00m,N/A,N/A,0.00m,22nd May 06  
Europa Universalis: Rome    ,PC,Paradox Interactive   ,Paradox Interactive  ,N/A  ,N/A  ,0.00m,N/A,0.00m,N/A,0.00m,15th Apr 08  
Wii Chess    ,Wii,Nintendo  ,Nintendo  ,N/A  ,N/A  ,0.00m,N/A,0.00m,N/A,0.00m,18th Jan 08  
